Workbook

Sheet Global Air Quality
A1: City | B1: City2 | C1: Country | D1: Date | E1: Date2 | F1: PM2.5 | G1: PM10 | H1: NO2 | I1: SO2 | J1: CO | K1: O3 | L1: Temperature | M1: Humidity | N1: Wind Speed
A2: Johannesburg | B2: =PROPER(A2) -> Johannesburg | C2: South Africa | D2: 45203 | E2: =IF(ISNUMBER(D2),D2,IFERROR(DATE(RIGHT(D2,4),LEFT(D2,FIND("-",D2)-1),MID(D2,FIND("-",D2)+1,FIND("-",D2,4)-FIND("-",D2)-1)),D2)) -> 45203 | F2: 127.51 | G2: 175.1 | I2: 13.02 | J2: 1.7 | K2: 196.41 | L2: 27.46 | M2: 51.14 | N2: 10.26
A3: Istanbul | B3: =PROPER(A3) -> Istanbul | C3: Turkey | D3: 4-22-2023 | E3: =IF(ISNUMBER(D3),D3,IFERROR(DATE(RIGHT(D3,4),LEFT(D3,FIND("-",D3)-1),MID(D3,FIND("-",D3)+1,FIND("-",D3,4)-FIND("-",D3)-1)),D3)) -> 45038 | F3: 93.84 | G3: 34.19 | H3: 79.49 | I3: 44.54 | J3: 5.18 | K3: 183.62 | L3: 10.58 | M3: 30.48 | N3: 14.45
A4: Berlin | B4: =PROPER(A4) -> Berlin | C4: Germany | D4: 10-27-2023 | E4: =IF(ISNUMBER(D4),D4,IFERROR(DATE(RIGHT(D4,4),LEFT(D4,FIND("-",D4)-1),MID(D4,FIND("-",D4)+1,FIND("-",D4,4)-FIND("-",D4)-1)),D4)) -> 45226 | F4: 52.03 | G4: 181.8 | H4: 45.05 | I4: 30.12 | J4: 0.96 | K4: 155.61 | L4: -4.09 | M4: 96.9 | N4: 2.49
A5: SYDNEY | B5: =PROPER(A5) -> Sydney | C5: Australia | D5: 45205 | E5: =IF(ISNUMBER(D5),D5,IFERROR(DATE(RIGHT(D5,4),LEFT(D5,FIND("-",D5)-1),MID(D5,FIND("-",D5)+1,FIND("-",D5,4)-FIND("-",D5)-1)),D5)) -> 45205 | F5: 110.3 | H5: 77.44 | I5: 9.78 | J5: 6.54 | K5: 18.98 | L5: 17.41 | M5: 64.79 | N5: 12.77
A6: Dubai | B6: =PROPER(A6) -> Dubai | C6: United Arab Emirates | D6: 7-23-2023 | E6: =IF(ISNUMBER(D6),D6,IFERROR(DATE(RIGHT(D6,4),LEFT(D6,FIND("-",D6)-1),MID(D6,FIND("-",D6)+1,FIND("-",D6,4)-FIND("-",D6)-1)),D6)) -> 45130 | F6: 120.24 | G6: 48.98 | H6: 98.82 | I6: 6.27 | J6: 6.98 | K6: 133.94 | L6: 13.11 | M6: 31.61 | N6: 5
A7: Johannesburg | B7: =PROPER(A7) -> Johannesburg | C7: South Africa | D7: 7-25-2023 | E7: =IF(ISNUMBER(D7),D7,IFERROR(DATE(RIGHT(D7,4),LEFT(D7,FIND("-",D7)-1),MID(D7,FIND("-",D7)+1,FIND("-",D7,4)-FIND("-",D7)-1)),D7)) -> 45132 | F7: 119.39 | G7: 148.61 | H7: 38.32 | I7: 21.48 | J7: 1.79 | K7: 96.78 | L7: -2.62 | M7: 89.28 | N7: 9.27
A8: Los Angeles | B8: =PROPER(A8) -> Los Angeles | C8: United States Of America | D8: 4-24-2023 | E8: =IF(ISNUMBER(D8),D8,IFERROR(DATE(RIGHT(D8,4),LEFT(D8,FIND("-",D8)-1),MID(D8,FIND("-",D8)+1,FIND("-",D8,4)-FIND("-",D8)-1)),D8)) -> 45040 | H8: 97.71 | I8: 11.14 | J8: 5.82 | K8: 194.72 | L8: 27.69 | M8: 10.62 | N8: 7.55
A9: Mumbai | B9: =PROPER(A9) -> Mumbai | C9: India | D9: 45262 | E9: =IF(ISNUMBER(D9),D9,IFERROR(DATE(RIGHT(D9,4),LEFT(D9,FIND("-",D9)-1),MID(D9,FIND("-",D9)+1,FIND("-",D9,4)-FIND("-",D9)-1)),D9)) -> 45262 | F9: 24.74 | G9: 118.36 | H9: 74.05 | I9: 10.81 | J9: 0.7 | K9: 188.08 | L9: 19.58 | M9: 67.09 | N9: 8.58
A10: Beijing | B10: =PROPER(A10) -> Beijing | C10: China | D10: 45110 | E10: =IF(ISNUMBER(D10),D10,IFERROR(DATE(RIGHT(D10,4),LEFT(D10,FIND("-",D10)-1),MID(D10,FIND("-",D10)+1,FIND("-",D10,4)-FIND("-",D10)-1)),D10)) -> 45110 | F10: 100.19 | G10: 10.16 | H10: 74.82 | I10: 39.88 | J10: 6.81 | K10: 176.9 | L10: 32.85 | M10: 17.65 | N10: 9.53
A11: Johannesburg | B11: =PROPER(A11) -> Johannesburg | C11: South Africa | D11: 5-18-2023 | E11: =IF(ISNUMBER(D11),D11,IFERROR(DATE(RIGHT(D11,4),LEFT(D11,FIND("-",D11)-1),MID(D11,FIND("-",D11)+1,FIND("-",D11,4)-FIND("-",D11)-1)),D11)) -> 45064 | F11: 80.94 | G11: 13.09 | H11: 63.86 | I11: 15.58 | J11: 4.52 | K11: 168.04 | L11: 39.59 | M11: 86.25 | N11: 16.46
A12: Los Angeles | B12: =PROPER(A12) -> Los Angeles | C12: United States Of America | D12: 12-13-2023 | E12: =IF(ISNUMBER(D12),D12,IFERROR(DATE(RIGHT(D12,4),LEFT(D12,FIND("-",D12)-1),MID(D12,FIND("-",D12)+1,FIND("-",D12,4)-FIND("-",D12)-1)),D12)) -> 45273 | F12: 67.85 | G12: 108.38 | H12: 67.98 | I12: 32.69 | J12: 5.95 | K12: 170.87 | L12: 16.12 | M12: 40.58 | N12: 18.13
A13: Johannesburg | B13: =PROPER(A13) -> Johannesburg | C13: South Africa | D13: 11-15-2023 | E13: =IF(ISNUMBER(D13),D13,IFERROR(DATE(RIGHT(D13,4),LEFT(D13,FIND("-",D13)-1),MID(D13,FIND("-",D13)+1,FIND("-",D13,4)-FIND("-",D13)-1)),D13)) -> 45245 | F13: 99.36 | G13: 154.53 | H13: 82.78 | I13: 49.93 | J13: 0.49 | L13: 39.61 | M13: 40.87 | N13: 12.49
A14: Paris | B14: =PROPER(A14) -> Paris | C14: France | D14: 8-16-2023 | E14: =IF(ISNUMBER(D14),D14,IFERROR(DATE(RIGHT(D14,4),LEFT(D14,FIND("-",D14)-1),MID(D14,FIND("-",D14)+1,FIND("-",D14,4)-FIND("-",D14)-1)),D14)) -> 45154 | F14: 19.06 | H14: 46.89 | J14: 1.92 | K14: 129.03 | L14: 23.41 | M14: 93.31 | N14: 17.85
A15: New York | B15: =PROPER(A15) -> New York | C15: United States Of America | D15: 1-28-2023 | E15: =IF(ISNUMBER(D15),D15,IFERROR(DATE(RIGHT(D15,4),LEFT(D15,FIND("-",D15)-1),MID(D15,FIND("-",D15)+1,FIND("-",D15,4)-FIND("-",D15)-1)),D15)) -> 44954 | F15: 37.32 | G15: 137.91 | H15: 70.67 | I15: 1.04 | J15: 2.87 | K15: 54.77 | L15: 31.16 | M15: 75.64 | N15: 1.24
A16: London | B16: =PROPER(A16) -> London | C16: United Kingdom | D16: 3-23-2023 | E16: =IF(ISNUMBER(D16),D16,IFERROR(DATE(RIGHT(D16,4),LEFT(D16,FIND("-",D16)-1),MID(D16,FIND("-",D16)+1,FIND("-",D16,4)-FIND("-",D16)-1)),D16)) -> 45008 | F16: 21.33 | G16: 190.16 | H16: 26.62 | I16: 40.19 | J16: 2.63 | K16: 14.07 | L16: -8.78 | M16: 44.95 | N16: 2.39
A17: Seoul | B17: =PROPER(A17) -> Seoul | C17: South Korea | D17: 45052 | E17: =IF(ISNUMBER(D17),D17,IFERROR(DATE(RIGHT(D17,4),LEFT(D17,FIND("-",D17)-1),MID(D17,FIND("-",D17)+1,FIND("-",D17,4)-FIND("-",D17)-1)),D17)) -> 45052 | F17: 79.71 | G17: 195.27 | H17: 91.26 | J17: 1.24 | L17: -6.26 | M17: 58 | N17: 1.09
A18: Toronto | B18: =PROPER(A18) -> Toronto | C18: Canada | D18: 44932 | E18: =IF(ISNUMBER(D18),D18,IFERROR(DATE(RIGHT(D18,4),LEFT(D18,FIND("-",D18)-1),MID(D18,FIND("-",D18)+1,FIND("-",D18,4)-FIND("-",D18)-1)),D18)) -> 44932 | F18: 111.9 | G18: 117.86 | H18: 60.31 | I18: 10.03 | J18: 2.13 | L18: 35.09 | M18: 16.04 | N18: 19.73
A19: Beijing | B19: =PROPER(A19) -> Beijing | C19: China | D19: 44989 | E19: =IF(ISNUMBER(D19),D19,IFERROR(DATE(RIGHT(D19,4),LEFT(D19,FIND("-",D19)-1),MID(D19,FIND("-",D19)+1,FIND("-",D19,4)-FIND("-",D19)-1)),D19)) -> 44989 | F19: 105.58 | G19: 148.88 | H19: 95.05 | I19: 39.39 | J19: 2.38 | K19: 170.41 | L19: -5.82 | M19: 29.38 | N19: 13.34
A20: New York | B20: =PROPER(A20) -> New York | C20: United States Of America | D20: 7-24-2023 | E20: =IF(ISNUMBER(D20),D20,IFERROR(DATE(RIGHT(D20,4),LEFT(D20,FIND("-",D20)-1),MID(D20,FIND("-",D20)+1,FIND("-",D20,4)-FIND("-",D20)-1)),D20)) -> 45131 | F20: 10.67 | G20: 80.75 | H20: 48.55 | I20: 22.89 | J20: 5.49 | K20: 165.33 | L20: 17.85 | M20: 44.37 | N20: 4.8
A21: Tokyo | B21: =PROPER(A21) -> Tokyo | C21: Japan | D21: 11-28-2023 | E21: =IF(ISNUMBER(D21),D21,IFERROR(DATE(RIGHT(D21,4),LEFT(D21,FIND("-",D21)-1),MID(D21,FIND("-",D21)+1,FIND("-",D21,4)-FIND("-",D21)-1)),D21)) -> 45258 | F21: 127.93 | G21: 83.61 | H21: 61.25 | I21: 33.36 | J21: 6.32 | K21: 24.78 | L21: -7.57 | M21: 13.74 | N21: 9.16
A22: london | B22: =PROPER(A22) -> London | C22: United Kingdom | D22: 10-20-2023 | E22: =IF(ISNUMBER(D22),D22,IFERROR(DATE(RIGHT(D22,4),LEFT(D22,FIND("-",D22)-1),MID(D22,FIND("-",D22)+1,FIND("-",D22,4)-FIND("-",D22)-1)),D22)) -> 45219 | F22: 130.94 | G22: 119.31 | H22: 18.4 | I22: 18.21 | J22: 5.94 | K22: 164.46 | L22: 31.36 | M22: 62.94 | N22: 10.5
A23: Mumbai | B23: =PROPER(A23) -> Mumbai | C23: India | D23: 11-13-2023 | E23: =IF(ISNUMBER(D23),D23,IFERROR(DATE(RIGHT(D23,4),LEFT(D23,FIND("-",D23)-1),MID(D23,FIND("-",D23)+1,FIND("-",D23,4)-FIND("-",D23)-1)),D23)) -> 45243 | F23: 50.27 | G23: 114.71 | H23: 60.56 | I23: 21.8 | K23: 58.38 | L23: 37.23 | M23: 32.97 | N23: 6.56
A24: Dubai | B24: =PROPER(A24) -> Dubai | C24: United Arab Emirates | D24: 11-19-2023 | E24: =IF(ISNUMBER(D24),D24,IFERROR(DATE(RIGHT(D24,4),LEFT(D24,FIND("-",D24)-1),MID(D24,FIND("-",D24)+1,FIND("-",D24,4)-FIND("-",D24)-1)),D24)) -> 45249 | F24: 58.79 | G24: 70.91 | H24: 62.43 | I24: 3.03 | J24: 2.69 | K24: 170.09 | L24: 22.42 | M24: 92.3 | N24: 13.92
A25: Mexico City | B25: =PROPER(A25) -> Mexico City | C25: Mexico | D25: 9-25-2023 | E25: =IF(ISNUMBER(D25),D25,IFERROR(DATE(RIGHT(D25,4),LEFT(D25,FIND("-",D25)-1),MID(D25,FIND("-",D25)+1,FIND("-",D25,4)-FIND("-",D25)-1)),D25)) -> 45194 | F25: 61.98 | G25: 57.84 | H25: 56.01 | J25: 4.83 | K25: 23.04 | L25: 23.47 | M25: 97.29 | N25: 5.97
A26: Madrid | B26: =PROPER(A26) -> Madrid | C26: Spain | D26: 44930 | E26: =IF(ISNUMBER(D26),D26,IFERROR(DATE(RIGHT(D26,4),LEFT(D26,FIND("-",D26)-1),MID(D26,FIND("-",D26)+1,FIND("-",D26,4)-FIND("-",D26)-1)),D26)) -> 44930 | F26: 6.29 | G26: 167.41 | H26: 71.93 | I26: 17.52 | J26: 3.31 | K26: 153.19 | L26: 22.29 | M26: 37.78 | N26: 8.72
A27: London | B27: =PROPER(A27) -> London | C27: United Kingdom | D27: 2-17-2023 | E27: =IF(ISNUMBER(D27),D27,IFERROR(DATE(RIGHT(D27,4),LEFT(D27,FIND("-",D27)-1),MID(D27,FIND("-",D27)+1,FIND("-",D27,4)-FIND("-",D27)-1)),D27)) -> 44974 | F27: 143.09 | G27: 175.85 | H27: 44.14 | I27: 20.59 | J27: 3.92 | K27: 160.2 | L27: -0.47 | M27: 66.37 | N27: 1.31
A28: Mexico City | B28: =PROPER(A28) -> Mexico City | C28: Mexico | D28: 8-16-2023 | E28: =IF(ISNUMBER(D28),D28,IFERROR(DATE(RIGHT(D28,4),LEFT(D28,FIND("-",D28)-1),MID(D28,FIND("-",D28)+1,FIND("-",D28,4)-FIND("-",D28)-1)),D28)) -> 45154 | F28: 81.14 | G28: 123.56 | H28: 9.52 | I28: 47.7 | J28: 8.85 | K28: 23.4 | L28: -5.7 | M28: 49.84 | N28: 18.74
A29: Seoul | B29: =PROPER(A29) -> Seoul | C29: South Korea | D29: 11-27-2023 | E29: =IF(ISNUMBER(D29),D29,IFERROR(DATE(RIGHT(D29,4),LEFT(D29,FIND("-",D29)-1),MID(D29,FIND("-",D29)+1,FIND("-",D29,4)-FIND("-",D29)-1)),D29)) -> 45257 | F29: 73.75 | G29: 150.03 | H29: 42.02 | I29: 11.94 | J29: 0.66 | K29: 140.46 | L29: 4.31 | M29: 80.31 | N29: 6.38
A30: Dubai | B30: =PROPER(A30) -> Dubai | C30: United Arab Emirates | D30: 6-22-2023 | E30: =IF(ISNUMBER(D30),D30,IFERROR(DATE(RIGHT(D30,4),LEFT(D30,FIND("-",D30)-1),MID(D30,FIND("-",D30)+1,FIND("-",D30,4)-FIND("-",D30)-1)),D30)) -> 45099 | F30: 143.31 | G30: 71.65 | H30: 52.05 | I30: 12.39 | J30: 2.19 | K30: 84.33 | L30: 17.24 | M30: 37.78 | N30: 5.64
A31: Bangkok | B31: =PROPER(A31) -> Bangkok | C31: Thailand | D31: 45173 | E31: =IF(ISNUMBER(D31),D31,IFERROR(DATE(RIGHT(D31,4),LEFT(D31,FIND("-",D31)-1),MID(D31,FIND("-",D31)+1,FIND("-",D31,4)-FIND("-",D31)-1)),D31)) -> 45173 | F31: 106.95 | G31: 72.95 | H31: 76.9 | I31: 3.49 | J31: 5.48 | K31: 97.76 | L31: 9.59 | M31: 60.62 | N31: 4.54
A32: New York | B32: =PROPER(A32) -> New York | C32: United States Of America | D32: 45233 | E32: =IF(ISNUMBER(D32),D32,IFERROR(DATE(RIGHT(D32,4),LEFT(D32,FIND("-",D32)-1),MID(D32,FIND("-",D32)+1,FIND("-",D32,4)-FIND("-",D32)-1)),D32)) -> 45233 | F32: 71.19 | G32: 152.28 | H32: 59.61 | I32: 38.15 | J32: 8.53 | K32: 95.3 | L32: 33.59 | M32: 43.37 | N32: 13.96
A33: Seoul | B33: =PROPER(A33) -> Seoul | C33: South Korea | D33: 44930 | E33: =IF(ISNUMBER(D33),D33,IFERROR(DATE(RIGHT(D33,4),LEFT(D33,FIND("-",D33)-1),MID(D33,FIND("-",D33)+1,FIND("-",D33,4)-FIND("-",D33)-1)),D33)) -> 44930 | F33: 69.18 | G33: 89.9 | H33: 15.86 | I33: 8.87 | J33: 4.27 | K33: 118.62 | L33: 38.7 | M33: 89.05 | N33: 16.25
A34: New York | B34: =PROPER(A34) -> New York | C34: United States Of America | D34: 1-21-2023 | E34: =IF(ISNUMBER(D34),D34,IFERROR(DATE(RIGHT(D34,4),LEFT(D34,FIND("-",D34)-1),MID(D34,FIND("-",D34)+1,FIND("-",D34,4)-FIND("-",D34)-1)),D34)) -> 44947 | F34: 30.39 | G34: 108.6 | H34: 97.68 | I34: 43.74 | J34: 7.65 | K34: 127.1 | L34: 18.43 | M34: 51.94 | N34: 13.32
A35: Seoul | B35: =PROPER(A35) -> Seoul | C35: South Korea | D35: 45049 | E35: =IF(ISNUMBER(D35),D35,IFERROR(DATE(RIGHT(D35,4),LEFT(D35,FIND("-",D35)-1),MID(D35,FIND("-",D35)+1,FIND("-",D35,4)-FIND("-",D35)-1)),D35)) -> 45049 | F35: 6.88 | H35: 77.45 | I35: 34.28 | J35: 4.17 | K35: 164.56 | L35: 5.68 | M35: 36.7 | N35: 16.35
A36: Madrid | B36: =PROPER(A36) -> Madrid | C36: Spain | D36: 5-14-2023 | E36: =IF(ISNUMBER(D36),D36,IFERROR(DATE(RIGHT(D36,4),LEFT(D36,FIND("-",D36)-1),MID(D36,FIND("-",D36)+1,FIND("-",D36,4)-FIND("-",D36)-1)),D36)) -> 45060 | F36: 108.72 | G36: 141.27 | H36: 62.22 | I36: 38.76 | J36: 7.83 | K36: 92.5 | L36: -2.17 | M36: 62.51 | N36: 12.8
A37: Rio de Janeiro | B37: =PROPER(A37) -> Rio De Janeiro | C37: Brazil | D37: 1-18-2023 | E37: =IF(ISNUMBER(D37),D37,IFERROR(DATE(RIGHT(D37,4),LEFT(D37,FIND("-",D37)-1),MID(D37,FIND("-",D37)+1,FIND("-",D37,4)-FIND("-",D37)-1)),D37)) -> 44944 | F37: 136.26 | G37: 179.46 | I37: 2.91 | J37: 8.01 | K37: 119.83 | L37: 31.65 | M37: 97.2 | N37: 18.17
A38: London | B38: =PROPER(A38) -> London | C38: United Kingdom | D38: 9-27-2023 | E38: =IF(ISNUMBER(D38),D38,IFERROR(DATE(RIGHT(D38,4),LEFT(D38,FIND("-",D38)-1),MID(D38,FIND("-",D38)+1,FIND("-",D38,4)-FIND("-",D38)-1)),D38)) -> 45196 | F38: 88.31 | G38: 93.23 | H38: 94.67 | I38: 43.87 | J38: 7.85 | K38: 18.6 | L38: 31.95 | M38: 78.56 | N38: 15.72
A39: Berlin | B39: =PROPER(A39) -> Berlin | C39: Germany | D39: 45144 | E39: =IF(ISNUMBER(D39),D39,IFERROR(DATE(RIGHT(D39,4),LEFT(D39,FIND("-",D39)-1),MID(D39,FIND("-",D39)+1,FIND("-",D39,4)-FIND("-",D39)-1)),D39)) -> 45144 | F39: 10.38 | G39: 152.92 | H39: 84.76 | I39: 18.13 | J39: 5.9 | K39: 190.54 | L39: 14.06 | M39: 67.59 | N39: 18.42
A40: MOSCOW | B40: =PROPER(A40) -> Moscow | C40: Russia | D40: 45149 | E40: =IF(ISNUMBER(D40),D40,IFERROR(DATE(RIGHT(D40,4),LEFT(D40,FIND("-",D40)-1),MID(D40,FIND("-",D40)+1,FIND("-",D40,4)-FIND("-",D40)-1)),D40)) -> 45149 | F40: 49.5 | G40: 163.97 | H40: 14.81 | I40: 11.29 | J40: 7.06 | K40: 120.24 | L40: 1.01 | M40: 89.92 | N40: 6.71
A41: Mexico City | B41: =PROPER(A41) -> Mexico City | C41: Mexico | D41: 9-20-2023 | E41: =IF(ISNUMBER(D41),D41,IFERROR(DATE(RIGHT(D41,4),LEFT(D41,FIND("-",D41)-1),MID(D41,FIND("-",D41)+1,FIND("-",D41,4)-FIND("-",D41)-1)),D41)) -> 45189 | F41: 44 | G41: 36.6 | H41: 55.42 | I41: 9.86 | J41: 3.4 | K41: 50.24 | L41: 8.89 | M41: 36.37 | N41: 3.68
A42: BERLIN | B42: =PROPER(A42) -> Berlin | C42: Germany | D42: 10-24-2023 | E42: =IF(ISNUMBER(D42),D42,IFERROR(DATE(RIGHT(D42,4),LEFT(D42,FIND("-",D42)-1),MID(D42,FIND("-",D42)+1,FIND("-",D42,4)-FIND("-",D42)-1)),D42)) -> 45223 | F42: 79.09 | G42: 49.16 | H42: 97.02 | I42: 12.18 | J42: 0.24 | K42: 88.05 | L42: -4.06 | M42: 98.89 | N42: 8.2
A43: Bangkok | B43: =PROPER(A43) -> Bangkok | C43: Thailand | D43: 12-16-2023 | E43: =IF(ISNUMBER(D43),D43,IFERROR(DATE(RIGHT(D43,4),LEFT(D43,FIND("-",D43)-1),MID(D43,FIND("-",D43)+1,FIND("-",D43,4)-FIND("-",D43)-1)),D43)) -> 45276 | F43: 141.21 | G43: 183.11 | I43: 36.42 | K43: 162.29 | L43: 5.75 | M43: 98.78 | N43: 13.91
A44: Seoul | B44: =PROPER(A44) -> Seoul | C44: South Korea | D44: 6-22-2023 | E44: =IF(ISNUMBER(D44),D44,IFERROR(DATE(RIGHT(D44,4),LEFT(D44,FIND("-",D44)-1),MID(D44,FIND("-",D44)+1,FIND("-",D44,4)-FIND("-",D44)-1)),D44)) -> 45099 | F44: 18.93 | G44: 134.8 | H44: 90.65 | I44: 44.83 | J44: 7.06 | K44: 22.48 | L44: 32.46 | M44: 50.59 | N44: 11.45
A45: Tokyo | B45: =PROPER(A45) -> Tokyo | C45: Japan | D45: 45082 | E45: =IF(ISNUMBER(D45),D45,IFERROR(DATE(RIGHT(D45,4),LEFT(D45,FIND("-",D45)-1),MID(D45,FIND("-",D45)+1,FIND("-",D45,4)-FIND("-",D45)-1)),D45)) -> 45082 | F45: 106.07 | G45: 23.61 | H45: 77.04 | I45: 5.17 | J45: 1.6 | K45: 10.93 | L45: 29.3 | M45: 97.41 | N45: 13.54
A46: Rio de Janeiro | B46: =PROPER(A46) -> Rio De Janeiro | C46: Brazil | D46: 45050 | E46: =IF(ISNUMBER(D46),D46,IFERROR(DATE(RIGHT(D46,4),LEFT(D46,FIND("-",D46)-1),MID(D46,FIND("-",D46)+1,FIND("-",D46,4)-FIND("-",D46)-1)),D46)) -> 45050 | F46: 63.55 | G46: 83.21 | H46: 22.42 | I46: 17.85 | J46: 3.11 | K46: 188.24 | L46: 14.06 | M46: 45.07 | N46: 8.6
A47: BANGKOK | B47: =PROPER(A47) -> Bangkok | C47: Thailand | D47: 45108 | E47: =IF(ISNUMBER(D47),D47,IFERROR(DATE(RIGHT(D47,4),LEFT(D47,FIND("-",D47)-1),MID(D47,FIND("-",D47)+1,FIND("-",D47,4)-FIND("-",D47)-1)),D47)) -> 45108 | F47: 103.31 | G47: 119.42 | H47: 42.65 | I47: 47.17 | J47: 6.48 | K47: 56.23 | L47: 35.66 | M47: 62.45 | N47: 14
A48: Moscow | B48: =PROPER(A48) -> Moscow | C48: Russia | D48: 5-16-2023 | E48: =IF(ISNUMBER(D48),D48,IFERROR(DATE(RIGHT(D48,4),LEFT(D48,FIND("-",D48)-1),MID(D48,FIND("-",D48)+1,FIND("-",D48,4)-FIND("-",D48)-1)),D48)) -> 45062 | F48: 35.19 | G48: 98.91 | H48: 96.89 | I48: 12.8 | J48: 6.31 | K48: 41.64 | L48: 5.9 | M48: 86.07 | N48: 17.46
A49: Berlin | B49: =PROPER(A49) -> Berlin | C49: Germany | D49: 45028 | E49: =IF(ISNUMBER(D49),D49,IFERROR(DATE(RIGHT(D49,4),LEFT(D49,FIND("-",D49)-1),MID(D49,FIND("-",D49)+1,FIND("-",D49,4)-FIND("-",D49)-1)),D49)) -> 45028 | F49: 33.97 | G49: 39.01 | H49: 26.85 | I49: 47.25 | J49: 4.14 | K49: 117.31 | L49: 26.09 | M49: 46.18 | N49: 4.69
A50: MADRID | B50: =PROPER(A50) -> Madrid | C50: Spain | D50: 45017 | E50: =IF(ISNUMBER(D50),D50,IFERROR(DATE(RIGHT(D50,4),LEFT(D50,FIND("-",D50)-1),MID(D50,FIND("-",D50)+1,FIND("-",D50,4)-FIND("-",D50)-1)),D50)) -> 45017 | F50: 65.4 | G50: 166.17 | H50: 94 | I50: 3.95 | J50: 0.97 | K50: 15.65 | L50: 26.5 | M50: 73.1 | N50: 11.92
A51: SYDNEY | B51: =PROPER(A51) -> Sydney | C51: Australia | D51: 45141 | E51: =IF(ISNUMBER(D51),D51,IFERROR(DATE(RIGHT(D51,4),LEFT(D51,FIND("-",D51)-1),MID(D51,FIND("-",D51)+1,FIND("-",D51,4)-FIND("-",D51)-1)),D51)) -> 45141 | F51: 129.71 | G51: 82.11 | H51: 29.64 | I51: 10.04 | J51: 9.35 | K51: 164.98 | L51: 29.05 | M51: 72.28 | N51: 9.38
A52: Mumbai | B52: =PROPER(A52) -> Mumbai | C52: India | D52: 9-19-2023 | E52: =IF(ISNUMBER(D52),D52,IFERROR(DATE(RIGHT(D52,4),LEFT(D52,FIND("-",D52)-1),MID(D52,FIND("-",D52)+1,FIND("-",D52,4)-FIND("-",D52)-1)),D52)) -> 45188 | F52: 89.39 | G52: 124.83 | H52: 88.82 | I52: 7.57 | J52: 9.72 | K52: 151.68 | L52: 0.95 | M52: 38.28 | N52: 18.32
A53: Paris | B53: =PROPER(A53) -> Paris | C53: France | D53: 11-19-2023 | E53: =IF(ISNUMBER(D53),D53,IFERROR(DATE(RIGHT(D53,4),LEFT(D53,FIND("-",D53)-1),MID(D53,FIND("-",D53)+1,FIND("-",D53,4)-FIND("-",D53)-1)),D53)) -> 45249 | F53: 34.32 | G53: 78.03 | H53: 50.49 | I53: 1.84 | J53: 6.18 | K53: 49.19 | L53: 11.58 | M53: 57.92 | N53: 14.78
A54: Mexico City | B54: =PROPER(A54) -> Mexico City | C54: Mexico | D54: 5-21-2023 | E54: =IF(ISNUMBER(D54),D54,IFERROR(DATE(RIGHT(D54,4),LEFT(D54,FIND("-",D54)-1),MID(D54,FIND("-",D54)+1,FIND("-",D54,4)-FIND("-",D54)-1)),D54)) -> 45067 | F54: 22.51 | G54: 136.28 | H54: 79.52 | I54: 46.06 | J54: 9.07 | K54: 118.12 | L54: 17.61 | M54: 93.82 | N54: 2.77
A55: Johannesburg | B55: =PROPER(A55) -> Johannesburg | C55: South Africa | D55: 3-25-2023 | E55: =IF(ISNUMBER(D55),D55,IFERROR(DATE(RIGHT(D55,4),LEFT(D55,FIND("-",D55)-1),MID(D55,FIND("-",D55)+1,FIND("-",D55,4)-FIND("-",D55)-1)),D55)) -> 45010 | F55: 32.45 | G55: 149.81 | H55: 44.28 | I55: 38.15 | J55: 2.13 | K55: 197.45 | L55: -8.57 | M55: 31.26 | N55: 0.56
A56: johannesburg | B56: =PROPER(A56) -> Johannesburg | C56: South Africa | D56: 10-13-2023 | E56: =IF(ISNUMBER(D56),D56,IFERROR(DATE(RIGHT(D56,4),LEFT(D56,FIND("-",D56)-1),MID(D56,FIND("-",D56)+1,FIND("-",D56,4)-FIND("-",D56)-1)),D56)) -> 45212 | F56: 121.86 | G56: 182.25 | H56: 77.74 | I56: 15.49 | J56: 1.88 | K56: 182.82 | L56: 15.57 | M56: 84.31 | N56: 4.44
A57: MEXICO CITY | B57: =PROPER(A57) -> Mexico City | C57: Mexico | D57: 45269 | E57: =IF(ISNUMBER(D57),D57,IFERROR(DATE(RIGHT(D57,4),LEFT(D57,FIND("-",D57)-1),MID(D57,FIND("-",D57)+1,FIND("-",D57,4)-FIND("-",D57)-1)),D57)) -> 45269 | F57: 40.86 | G57: 144.24 | H57: 48.02 | I57: 39.98 | J57: 1.06 | K57: 186 | L57: 14.26 | M57: 18.22 | N57: 2.99
A58: Dubai | B58: =PROPER(A58) -> Dubai | C58: United Arab Emirates | D58: 44990 | E58: =IF(ISNUMBER(D58),D58,IFERROR(DATE(RIGHT(D58,4),LEFT(D58,FIND("-",D58)-1),MID(D58,FIND("-",D58)+1,FIND("-",D58,4)-FIND("-",D58)-1)),D58)) -> 44990 | F58: 19.86 | G58: 80.07 | H58: 69.68 | I58: 27.21 | J58: 2.8 | K58: 16.59 | L58: -0.71 | M58: 68.58 | N58: 9.5
A59: Istanbul | B59: =PROPER(A59) -> Istanbul | C59: Turkey | D59: 2-26-2023 | E59: =IF(ISNUMBER(D59),D59,IFERROR(DATE(RIGHT(D59,4),LEFT(D59,FIND("-",D59)-1),MID(D59,FIND("-",D59)+1,FIND("-",D59,4)-FIND("-",D59)-1)),D59)) -> 44983 | F59: 121.85 | G59: 97.85 | H59: 35.13 | I59: 29.93 | J59: 4.41 | K59: 62.1 | L59: 15.83 | M59: 47.01 | N59: 18.74
A60: Istanbul | B60: =PROPER(A60) -> Istanbul | C60: Turkey | D60: 45147 | E60: =IF(ISNUMBER(D60),D60,IFERROR(DATE(RIGHT(D60,4),LEFT(D60,FIND("-",D60)-1),MID(D60,FIND("-",D60)+1,FIND("-",D60,4)-FIND("-",D60)-1)),D60)) -> 45147 | F60: 64.59 | H60: 37.54 | I60: 27.83 | J60: 7.13 | K60: 87.53 | L60: 5.55 | M60: 17.38 | N60: 19.47
A61: Toronto | B61: =PROPER(A61) -> Toronto | C61: Canada | D61: 45113 | E61: =IF(ISNUMBER(D61),D61,IFERROR(DATE(RIGHT(D61,4),LEFT(D61,FIND("-",D61)-1),MID(D61,FIND("-",D61)+1,FIND("-",D61,4)-FIND("-",D61)-1)),D61)) -> 45113 | F61: 68.45 | G61: 40.16 | H61: 73.26 | I61: 1.1 | J61: 1.4 | K61: 107.19 | L61: -0.03 | M61: 14.16 | N61: 4.71
A62: Mumbai | B62: =PROPER(A62) -> Mumbai | C62: India | D62: 44959 | E62: =IF(ISNUMBER(D62),D62,IFERROR(DATE(RIGHT(D62,4),LEFT(D62,FIND("-",D62)-1),MID(D62,FIND("-",D62)+1,FIND("-",D62,4)-FIND("-",D62)-1)),D62)) -> 44959 | F62: 8.21 | G62: 134.28 | H62: 49.39 | J62: 1.03 | K62: 119.84 | L62: 19.3 | M62: 70.39 | N62: 10.95
A63: Berlin | B63: =PROPER(A63) -> Berlin | C63: Germany | D63: 2-19-2023 | E63: =IF(ISNUMBER(D63),D63,IFERROR(DATE(RIGHT(D63,4),LEFT(D63,FIND("-",D63)-1),MID(D63,FIND("-",D63)+1,FIND("-",D63,4)-FIND("-",D63)-1)),D63)) -> 44976 | F63: 134.92 | G63: 124.29 | H63: 74.19 | I63: 15.63 | J63: 7.03 | K63: 102.77 | L63: 22.52 | M63: 75.05 | N63: 2.77
A64: LONDON | B64: =PROPER(A64) -> London | C64: United Kingdom | D64: 45239 | E64: =IF(ISNUMBER(D64),D64,IFERROR(DATE(RIGHT(D64,4),LEFT(D64,FIND("-",D64)-1),MID(D64,FIND("-",D64)+1,FIND("-",D64,4)-FIND("-",D64)-1)),D64)) -> 45239 | F64: 76.94 | G64: 25.03 | H64: 15.7 | I64: 30.89 | J64: 5.28 | K64: 95.59 | L64: 25.62 | M64: 97.68 | N64: 14.29
A65: Berlin | B65: =PROPER(A65) -> Berlin | C65: Germany | D65: 2-15-2023 | E65: =IF(ISNUMBER(D65),D65,IFERROR(DATE(RIGHT(D65,4),LEFT(D65,FIND("-",D65)-1),MID(D65,FIND("-",D65)+1,FIND("-",D65,4)-FIND("-",D65)-1)),D65)) -> 44972 | F65: 94.53 | G65: 14.14 | H65: 38.47 | I65: 25.52 | J65: 6.87 | K65: 130.46 | L65: 37.67 | M65: 53.43 | N65: 4.63
A66: Dubai | B66: =PROPER(A66) -> Dubai | C66: United Arab Emirates | D66: 5-27-2023 | E66: =IF(ISNUMBER(D66),D66,IFERROR(DATE(RIGHT(D66,4),LEFT(D66,FIND("-",D66)-1),MID(D66,FIND("-",D66)+1,FIND("-",D66,4)-FIND("-",D66)-1)),D66)) -> 45073 | F66: 34.15 | G66: 54.51 | H66: 47.13 | I66: 23.16 | J66: 5.06 | K66: 133.44 | L66: 15.75 | M66: 69.72 | N66: 13.17
A67: tokyo | B67: =PROPER(A67) -> Tokyo | C67: Japan | D67: 44928 | E67: =IF(ISNUMBER(D67),D67,IFERROR(DATE(RIGHT(D67,4),LEFT(D67,FIND("-",D67)-1),MID(D67,FIND("-",D67)+1,FIND("-",D67,4)-FIND("-",D67)-1)),D67)) -> 44928 | F67: 14.13 | G67: 49.5 | H67: 87.53 | J67: 8.66 | K67: 173.1 | L67: 3.76 | M67: 16.41 | N67: 7.29
A68: Los Angeles | B68: =PROPER(A68) -> Los Angeles | C68: United States Of America | D68: 44994 | E68: =IF(ISNUMBER(D68),D68,IFERROR(DATE(RIGHT(D68,4),LEFT(D68,FIND("-",D68)-1),MID(D68,FIND("-",D68)+1,FIND("-",D68,4)-FIND("-",D68)-1)),D68)) -> 44994 | F68: 8.98 | G68: 156.08 | H68: 29.73 | I68: 14.88 | J68: 4.08 | K68: 127.52 | L68: -9.7 | M68: 44.04 | N68: 1.54
A69: Mumbai | B69: =PROPER(A69) -> Mumbai | C69: India | D69: 45142 | E69: =IF(ISNUMBER(D69),D69,IFERROR(DATE(RIGHT(D69,4),LEFT(D69,FIND("-",D69)-1),MID(D69,FIND("-",D69)+1,FIND("-",D69,4)-FIND("-",D69)-1)),D69)) -> 45142 | F69: 18.89 | G69: 148.39 | H69: 40.34 | I69: 49.04 | J69: 8.43 | K69: 40.36 | L69: 4.82 | M69: 13.03 | N69: 14.85
A70: Paris | B70: =PROPER(A70) -> Paris | C70: France | D70: 45209 | E70: =IF(ISNUMBER(D70),D70,IFERROR(DATE(RIGHT(D70,4),LEFT(D70,FIND("-",D70)-1),MID(D70,FIND("-",D70)+1,FIND("-",D70,4)-FIND("-",D70)-1)),D70)) -> 45209 | G70: 197.98 | I70: 25.78 | J70: 7.56 | K70: 136.54 | L70: -0.33 | M70: 91.07 | N70: 12.19
A71: Paris | B71: =PROPER(A71) -> Paris | C71: France | D71: 3-21-2023 | E71: =IF(ISNUMBER(D71),D71,IFERROR(DATE(RIGHT(D71,4),LEFT(D71,FIND("-",D71)-1),MID(D71,FIND("-",D71)+1,FIND("-",D71,4)-FIND("-",D71)-1)),D71)) -> 45006 | F71: 111.58 | G71: 178.28 | H71: 73.39 | I71: 44.97 | J71: 1.7 | K71: 138.83 | L71: 0.23 | M71: 43.91 | N71: 7.03
A72: Mexico City | B72: =PROPER(A72) -> Mexico City | C72: Mexico | D72: 2-23-2023 | E72: =IF(ISNUMBER(D72),D72,IFERROR(DATE(RIGHT(D72,4),LEFT(D72,FIND("-",D72)-1),MID(D72,FIND("-",D72)+1,FIND("-",D72,4)-FIND("-",D72)-1)),D72)) -> 44980 | F72: 64.72 | G72: 89.08 | H72: 94.8 | I72: 36.67 | J72: 3.36 | K72: 45.65 | L72: 0.71 | M72: 85.33 | N72: 15.07
A73: Berlin | B73: =PROPER(A73) -> Berlin | C73: Germany | D73: 5-13-2023 | E73: =IF(ISNUMBER(D73),D73,IFERROR(DATE(RIGHT(D73,4),LEFT(D73,FIND("-",D73)-1),MID(D73,FIND("-",D73)+1,FIND("-",D73,4)-FIND("-",D73)-1)),D73)) -> 45059 | G73: 48.24 | H73: 59.15 | J73: 5.8 | K73: 35.33 | L73: 38.25 | M73: 40.8 | N73: 7.44
A74: Rio de Janeiro | B74: =PROPER(A74) -> Rio De Janeiro | C74: Brazil | D74: 44930 | E74: =IF(ISNUMBER(D74),D74,IFERROR(DATE(RIGHT(D74,4),LEFT(D74,FIND("-",D74)-1),MID(D74,FIND("-",D74)+1,FIND("-",D74,4)-FIND("-",D74)-1)),D74)) -> 44930 | F74: 46.73 | G74: 41.61 | H74: 10.73 | I74: 42.07 | J74: 4.67 | K74: 183.81 | L74: 37.18 | M74: 32.08 | N74: 4.92
A75: BERLIN | B75: =PROPER(A75) -> Berlin | C75: Germany | D75: 1-25-2023 | E75: =IF(ISNUMBER(D75),D75,IFERROR(DATE(RIGHT(D75,4),LEFT(D75,FIND("-",D75)-1),MID(D75,FIND("-",D75)+1,FIND("-",D75,4)-FIND("-",D75)-1)),D75)) -> 44951 | F75: 12.69 | G75: 178.07 | H75: 70.29 | I75: 4.9 | J75: 2.37 | K75: 20.49 | L75: 28.68 | M75: 36.13 | N75: 17.99
A76: Istanbul | B76: =PROPER(A76) -> Istanbul | C76: Turkey | D76: 8-19-2023 | E76: =IF(ISNUMBER(D76),D76,IFERROR(DATE(RIGHT(D76,4),LEFT(D76,FIND("-",D76)-1),MID(D76,FIND("-",D76)+1,FIND("-",D76,4)-FIND("-",D76)-1)),D76)) -> 45157 | F76: 20.37 | G76: 119.29 | H76: 18.03 | I76: 31.37 | J76: 2.86 | K76: 140.94 | L76: -3.15 | M76: 43.84 | N76: 10.72
A77: Paris | B77: =PROPER(A77) -> Paris | C77: France | D77: 7-19-2023 | E77: =IF(ISNUMBER(D77),D77,IFERROR(DATE(RIGHT(D77,4),LEFT(D77,FIND("-",D77)-1),MID(D77,FIND("-",D77)+1,FIND("-",D77,4)-FIND("-",D77)-1)),D77)) -> 45126 | F77: 31.93 | G77: 157 | H77: 41.58 | I77: 8.76 | J77: 4.71 | K77: 190.39 | L77: 34.7 | M77: 70.36 | N77: 4.71
A78: Dubai | B78: =PROPER(A78) -> Dubai | C78: United Arab Emirates | D78: 45271 | E78: =IF(ISNUMBER(D78),D78,IFERROR(DATE(RIGHT(D78,4),LEFT(D78,FIND("-",D78)-1),MID(D78,FIND("-",D78)+1,FIND("-",D78,4)-FIND("-",D78)-1)),D78)) -> 45271 | F78: 101.95 | G78: 75.4 | H78: 5.64 | I78: 46.05 | J78: 8.3 | K78: 111.43 | L78: 8.12 | M78: 83.56 | N78: 3.04
A79: Berlin | B79: =PROPER(A79) -> Berlin | C79: Germany | D79: 4-17-2023 | E79: =IF(ISNUMBER(D79),D79,IFERROR(DATE(RIGHT(D79,4),LEFT(D79,FIND("-",D79)-1),MID(D79,FIND("-",D79)+1,FIND("-",D79,4)-FIND("-",D79)-1)),D79)) -> 45033 | F79: 33.26 | G79: 85.2 | H79: 68.16 | I79: 48.63 | J79: 5.94 | K79: 194.49 | L79: 9.15 | M79: 48.35 | N79: 15.57
A80: Paris | B80: =PROPER(A80) -> Paris | C80: France | D80: 45268 | E80: =IF(ISNUMBER(D80),D80,IFERROR(DATE(RIGHT(D80,4),LEFT(D80,FIND("-",D80)-1),MID(D80,FIND("-",D80)+1,FIND("-",D80,4)-FIND("-",D80)-1)),D80)) -> 45268 | F80: 69.07 | G80: 16.33 | H80: 10.59 | I80: 12.06 | J80: 7.2 | K80: 97.53 | L80: -5.36 | M80: 56.79 | N80: 0.72
A81: Seoul | B81: =PROPER(A81) -> Seoul | C81: South Korea | D81: 45149 | E81: =IF(ISNUMBER(D81),D81,IFERROR(DATE(RIGHT(D81,4),LEFT(D81,FIND("-",D81)-1),MID(D81,FIND("-",D81)+1,FIND("-",D81,4)-FIND("-",D81)-1)),D81)) -> 45149 | F81: 96.79 | H81: 14.67 | I81: 38.08 | J81: 1.63 | K81: 179.24 | L81: 37.12 | M81: 88.26 | N81: 2.87
A82: berlin | B82: =PROPER(A82) -> Berlin | C82: Germany | D82: 4-13-2023 | E82: =IF(ISNUMBER(D82),D82,IFERROR(DATE(RIGHT(D82,4),LEFT(D82,FIND("-",D82)-1),MID(D82,FIND("-",D82)+1,FIND("-",D82,4)-FIND("-",D82)-1)),D82)) -> 45029 | F82: 145.11 | G82: 65.84 | H82: 80.16 | J82: 6.59 | K82: 166.9 | L82: 26.13 | M82: 63.22 | N82: 16.97
A83: Dubai | B83: =PROPER(A83) -> Dubai | C83: United Arab Emirates | D83: 10-20-2023 | E83: =IF(ISNUMBER(D83),D83,IFERROR(DATE(RIGHT(D83,4),LEFT(D83,FIND("-",D83)-1),MID(D83,FIND("-",D83)+1,FIND("-",D83,4)-FIND("-",D83)-1)),D83)) -> 45219 | F83: 109.94 | G83: 40.89 | H83: 57.33 | I83: 44.31 | J83: 1.41 | K83: 148.37 | L83: -8.51 | M83: 46.18 | N83: 3.6
A84: Tokyo | B84: =PROPER(A84) -> Tokyo | C84: Japan | D84: 2-21-2023 | E84: =IF(ISNUMBER(D84),D84,IFERROR(DATE(RIGHT(D84,4),LEFT(D84,FIND("-",D84)-1),MID(D84,FIND("-",D84)+1,FIND("-",D84,4)-FIND("-",D84)-1)),D84)) -> 44978 | F84: 51.49 | H84: 18.83 | I84: 5.08 | J84: 1.52 | K84: 124.24 | L84: 9.93 | M84: 36.15 | N84: 0.85
A85: Mumbai | B85: =PROPER(A85) -> Mumbai | C85: India | D85: 12-26-2023 | E85: =IF(ISNUMBER(D85),D85,IFERROR(DATE(RIGHT(D85,4),LEFT(D85,FIND("-",D85)-1),MID(D85,FIND("-",D85)+1,FIND("-",D85,4)-FIND("-",D85)-1)),D85)) -> 45286 | F85: 26.9 | G85: 38.99 | I85: 11.31 | J85: 8.27 | K85: 123.27 | L85: -4.84 | M85: 25.67 | N85: 15.21
A86: Toronto | B86: =PROPER(A86) -> Toronto | C86: Canada | D86: 44967 | E86: =IF(ISNUMBER(D86),D86,IFERROR(DATE(RIGHT(D86,4),LEFT(D86,FIND("-",D86)-1),MID(D86,FIND("-",D86)+1,FIND("-",D86,4)-FIND("-",D86)-1)),D86)) -> 44967 | F86: 13.66 | G86: 38.44 | H86: 29.37 | I86: 1.33 | J86: 1.36 | K86: 116.04 | L86: 2.32 | M86: 77.68 | N86: 11.25
A87: Madrid | B87: =PROPER(A87) -> Madrid | C87: Spain | D87: 12-13-2023 | E87: =IF(ISNUMBER(D87),D87,IFERROR(DATE(RIGHT(D87,4),LEFT(D87,FIND("-",D87)-1),MID(D87,FIND("-",D87)+1,FIND("-",D87,4)-FIND("-",D87)-1)),D87)) -> 45273 | F87: 85.43 | G87: 125.17 | H87: 18.34 | J87: 5.06 | K87: 42.57 | L87: 17.67 | M87: 39.86 | N87: 9.97
A88: istanbul | B88: =PROPER(A88) -> Istanbul | C88: Turkey | D88: 44997 | E88: =IF(ISNUMBER(D88),D88,IFERROR(DATE(RIGHT(D88,4),LEFT(D88,FIND("-",D88)-1),MID(D88,FIND("-",D88)+1,FIND("-",D88,4)-FIND("-",D88)-1)),D88)) -> 44997 | F88: 76 | G88: 72.11 | H88: 60.87 | J88: 4.06 | K88: 182.52 | L88: -7.84 | M88: 37.27 | N88: 17.05
A89: New York | B89: =PROPER(A89) -> New York | C89: United States Of America | D89: 3-20-2023 | E89: =IF(ISNUMBER(D89),D89,IFERROR(DATE(RIGHT(D89,4),LEFT(D89,FIND("-",D89)-1),MID(D89,FIND("-",D89)+1,FIND("-",D89,4)-FIND("-",D89)-1)),D89)) -> 45005 | F89: 6.09 | G89: 15.39 | H89: 65.53 | I89: 35.27 | J89: 9.64 | K89: 106.96 | L89: 9.43 | M89: 21.37 | N89: 19.42
A90: Madrid | B90: =PROPER(A90) -> Madrid | C90: Spain | D90: 2-17-2023 | E90: =IF(ISNUMBER(D90),D90,IFERROR(DATE(RIGHT(D90,4),LEFT(D90,FIND("-",D90)-1),MID(D90,FIND("-",D90)+1,FIND("-",D90,4)-FIND("-",D90)-1)),D90)) -> 44974 | F90: 133.51 | G90: 19.96 | H90: 48.46 | K90: 15.86 | L90: 14.04 | M90: 66.38 | N90: 4.31
A91: Istanbul | B91: =PROPER(A91) -> Istanbul | C91: Turkey | D91: 45239 | E91: =IF(ISNUMBER(D91),D91,IFERROR(DATE(RIGHT(D91,4),LEFT(D91,FIND("-",D91)-1),MID(D91,FIND("-",D91)+1,FIND("-",D91,4)-FIND("-",D91)-1)),D91)) -> 45239 | F91: 30.02 | G91: 162.56 | H91: 37.34 | I91: 49.13 | J91: 0.79 | K91: 127.53 | L91: 29.84 | M91: 56.2 | N91: 16.71
A92: Berlin | B92: =PROPER(A92) -> Berlin | C92: Germany | D92: 45178 | E92: =IF(ISNUMBER(D92),D92,IFERROR(DATE(RIGHT(D92,4),LEFT(D92,FIND("-",D92)-1),MID(D92,FIND("-",D92)+1,FIND("-",D92,4)-FIND("-",D92)-1)),D92)) -> 45178 | F92: 122.71 | G92: 110.47 | H92: 78.72 | I92: 45.35 | J92: 2.38 | K92: 89.7 | L92: 30.95 | M92: 30.06 | N92: 10.06
A93: Istanbul | B93: =PROPER(A93) -> Istanbul | C93: Turkey | D93: 4-16-2023 | E93: =IF(ISNUMBER(D93),D93,IFERROR(DATE(RIGHT(D93,4),LEFT(D93,FIND("-",D93)-1),MID(D93,FIND("-",D93)+1,FIND("-",D93,4)-FIND("-",D93)-1)),D93)) -> 45032 | F93: 94.34 | G93: 42.56 | H93: 86.1 | I93: 6.65 | J93: 5.09 | K93: 13.44 | L93: 16.49 | M93: 25.14 | N93: 1
A94: johannesburg | B94: =PROPER(A94) -> Johannesburg | C94: South Africa | D94: 12-18-2023 | E94: =IF(ISNUMBER(D94),D94,IFERROR(DATE(RIGHT(D94,4),LEFT(D94,FIND("-",D94)-1),MID(D94,FIND("-",D94)+1,FIND("-",D94,4)-FIND("-",D94)-1)),D94)) -> 45278 | F94: 103.68 | G94: 136.19 | H94: 49.74 | I94: 22.66 | J94: 6.66 | K94: 98.73 | L94: 9.99 | M94: 96.27 | N94: 3.09
A95: Cairo | B95: =PROPER(A95) -> Cairo | C95: Egypt | D95: 4-25-2023 | E95: =IF(ISNUMBER(D95),D95,IFERROR(DATE(RIGHT(D95,4),LEFT(D95,FIND("-",D95)-1),MID(D95,FIND("-",D95)+1,FIND("-",D95,4)-FIND("-",D95)-1)),D95)) -> 45041 | F95: 86 | H95: 83.84 | I95: 16.36 | J95: 7.11 | K95: 185.57 | L95: 4.28 | M95: 15.85 | N95: 4.69
A96: rio de janeiro | B96: =PROPER(A96) -> Rio De Janeiro | C96: Brazil | D96: 45048 | E96: =IF(ISNUMBER(D96),D96,IFERROR(DATE(RIGHT(D96,4),LEFT(D96,FIND("-",D96)-1),MID(D96,FIND("-",D96)+1,FIND("-",D96,4)-FIND("-",D96)-1)),D96)) -> 45048 | F96: 118.87 | G96: 129.64 | H96: 21.24 | J96: 5.61 | K96: 60.33 | L96: 14.53 | M96: 92.52 | N96: 18.1
A97: Berlin | B97: =PROPER(A97) -> Berlin | C97: Germany | D97: 8-25-2023 | E97: =IF(ISNUMBER(D97),D97,IFERROR(DATE(RIGHT(D97,4),LEFT(D97,FIND("-",D97)-1),MID(D97,FIND("-",D97)+1,FIND("-",D97,4)-FIND("-",D97)-1)),D97)) -> 45163 | F97: 103.46 | G97: 103.63 | H97: 59.79 | I97: 2.46 | J97: 7.29 | K97: 194.69 | L97: 22.26 | M97: 55.13 | N97: 7.91
A98: Rio de Janeiro | B98: =PROPER(A98) -> Rio De Janeiro | C98: Brazil | D98: 7-18-2023 | E98: =IF(ISNUMBER(D98),D98,IFERROR(DATE(RIGHT(D98,4),LEFT(D98,FIND("-",D98)-1),MID(D98,FIND("-",D98)+1,FIND("-",D98,4)-FIND("-",D98)-1)),D98)) -> 45125 | F98: 59.13 | G98: 170.71 | H98: 85.05 | I98: 21.24 | J98: 3.89 | K98: 76.35 | L98: -7.18 | M98: 66.96 | N98: 6.7
A99: Mumbai | B99: =PROPER(A99) -> Mumbai | C99: India | D99: 8-15-2023 | E99: =IF(ISNUMBER(D99),D99,IFERROR(DATE(RIGHT(D99,4),LEFT(D99,FIND("-",D99)-1),MID(D99,FIND("-",D99)+1,FIND("-",D99,4)-FIND("-",D99)-1)),D99)) -> 45153 | F99: 134.65 | G99: 100.62 | H99: 63.16 | I99: 44.4 | J99: 4.45 | K99: 17.47 | L99: -1.52 | M99: 37.07 | N99: 14.55
A100: Toronto | B100: =PROPER(A100) -> Toronto | C100: Canada | D100: 45180 | E100: =IF(ISNUMBER(D100),D100,IFERROR(DATE(RIGHT(D100,4),LEFT(D100,FIND("-",D100)-1),MID(D100,FIND("-",D100)+1,FIND("-",D100,4)-FIND("-",D100)-1)),D100)) -> 45180 | F100: 21.49 | G100: 184.87 | H100: 31.94 | I100: 32.43 | J100: 3.84 | K100: 149.04 | L100: -0.39 | M100: 11.58 | N100: 5.23
...

Sheet Table1
A1: City1 | B1: City | C1: Country | D1: Date1 | E1: Date | F1: PM2.5 | G1: PM10 | H1: NO2 | I1: SO2 | J1: CO | K1: O3 | L1: Temperature | M1: Humidity | N1: Wind Speed
A2: Johannesburg | B2: Johannesburg | C2: South Africa | D2: 45203 | E2: 45203 | F2: 128 | G2: 175 | H2: 30 | I2: 13 | J2: 2 | K2: 196 | L2: 27 | M2: 51 | N2: 10
A3: Istanbul | B3: Istanbul | C3: Turkey | D3: 4-22-2023 | E3: 45038 | F3: 94 | G3: 34 | H3: 79 | I3: 45 | J3: 5 | K3: 184 | L3: 11 | M3: 30 | N3: 14
A4: Berlin | B4: Berlin | C4: Germany | D4: 10-27-2023 | E4: 45226 | F4: 52 | G4: 182 | H4: 45 | I4: 30 | J4: 1 | K4: 156 | L4: -4 | M4: 97 | N4: 2
A5: SYDNEY | B5: Sydney | C5: Australia | D5: 45205 | E5: 45205 | F5: 110 | G5: 82 | H5: 77 | I5: 10 | J5: 7 | K5: 19 | L5: 17 | M5: 65 | N5: 13
A6: Dubai | B6: Dubai | C6: United Arab Emirates | D6: 7-23-2023 | E6: 45130 | F6: 120 | G6: 49 | H6: 99 | I6: 6 | J6: 7 | K6: 134 | L6: 13 | M6: 32 | N6: 5
A7: Johannesburg | B7: Johannesburg | C7: South Africa | D7: 7-25-2023 | E7: 45132 | F7: 119 | G7: 149 | H7: 38 | I7: 21 | J7: 2 | K7: 97 | L7: -3 | M7: 89 | N7: 9
A8: Los Angeles | B8: Los Angeles | C8: United States Of America | D8: 4-24-2023 | E8: 45040 | F8: 15 | G8: 82 | H8: 98 | I8: 11 | J8: 6 | K8: 195 | L8: 28 | M8: 11 | N8: 8
A9: Mumbai | B9: Mumbai | C9: India | D9: 45262 | E9: 45262 | F9: 25 | G9: 118 | H9: 74 | I9: 11 | J9: 1 | K9: 188 | L9: 20 | M9: 67 | N9: 9
A10: Beijing | B10: Beijing | C10: China | D10: 45110 | E10: 45110 | F10: 100 | G10: 10 | H10: 75 | I10: 40 | J10: 7 | K10: 177 | L10: 33 | M10: 18 | N10: 10
A11: Johannesburg | B11: Johannesburg | C11: South Africa | D11: 5-18-2023 | E11: 45064 | F11: 81 | G11: 13 | H11: 64 | I11: 16 | J11: 5 | K11: 168 | L11: 40 | M11: 86 | N11: 16
A12: Los Angeles | B12: Los Angeles | C12: United States Of America | D12: 12-13-2023 | E12: 45273 | F12: 68 | G12: 108 | H12: 68 | I12: 33 | J12: 6 | K12: 171 | L12: 16 | M12: 41 | N12: 18
A13: Johannesburg | B13: Johannesburg | C13: South Africa | D13: 11-15-2023 | E13: 45245 | F13: 99 | G13: 155 | H13: 83 | I13: 50 | J13: 0 | K13: 157 | L13: 40 | M13: 41 | N13: 12
A14: Paris | B14: Paris | C14: France | D14: 8-16-2023 | E14: 45154 | F14: 19 | G14: 82 | H14: 47 | I14: 5 | J14: 2 | K14: 129 | L14: 23 | M14: 93 | N14: 18
A15: New York | B15: New York | C15: United States Of America | D15: 1-28-2023 | E15: 44954 | F15: 37 | G15: 138 | H15: 71 | I15: 1 | J15: 3 | K15: 55 | L15: 31 | M15: 76 | N15: 1
A16: London | B16: London | C16: United Kingdom | D16: 3-23-2023 | E16: 45008 | F16: 21 | G16: 190 | H16: 27 | I16: 40 | J16: 3 | K16: 14 | L16: -9 | M16: 45 | N16: 2
A17: Seoul | B17: Seoul | C17: South Korea | D17: 45052 | E17: 45052 | F17: 80 | G17: 195 | H17: 91 | I17: 5 | J17: 1 | K17: 157 | L17: -6 | M17: 58 | N17: 1
A18: Toronto | B18: Toronto | C18: Canada | D18: 44932 | E18: 44932 | F18: 112 | G18: 118 | H18: 60 | I18: 10 | J18: 2 | K18: 157 | L18: 35 | M18: 16 | N18: 20
A19: Beijing | B19: Beijing | C19: China | D19: 44989 | E19: 44989 | F19: 106 | G19: 149 | H19: 95 | I19: 39 | J19: 2 | K19: 170 | L19: -6 | M19: 29 | N19: 13
A20: New York | B20: New York | C20: United States Of America | D20: 7-24-2023 | E20: 45131 | F20: 11 | G20: 81 | H20: 49 | I20: 23 | J20: 5 | K20: 165 | L20: 18 | M20: 44 | N20: 5
A21: Tokyo | B21: Tokyo | C21: Japan | D21: 11-28-2023 | E21: 45258 | F21: 128 | G21: 84 | H21: 61 | I21: 33 | J21: 6 | K21: 25 | L21: -8 | M21: 14 | N21: 9
A22: london | B22: London | C22: United Kingdom | D22: 10-20-2023 | E22: 45219 | F22: 131 | G22: 119 | H22: 18 | I22: 18 | J22: 6 | K22: 164 | L22: 31 | M22: 63 | N22: 10
A23: Mumbai | B23: Mumbai | C23: India | D23: 11-13-2023 | E23: 45243 | F23: 50 | G23: 115 | H23: 61 | I23: 22 | J23: 6 | K23: 58 | L23: 37 | M23: 33 | N23: 7
A24: Dubai | B24: Dubai | C24: United Arab Emirates | D24: 11-19-2023 | E24: 45249 | F24: 59 | G24: 71 | H24: 62 | I24: 3 | J24: 3 | K24: 170 | L24: 22 | M24: 92 | N24: 14
A25: Mexico City | B25: Mexico City | C25: Mexico | D25: 9-25-2023 | E25: 45194 | F25: 62 | G25: 58 | H25: 56 | I25: 5 | J25: 5 | K25: 23 | L25: 23 | M25: 97 | N25: 6
A26: Madrid | B26: Madrid | C26: Spain | D26: 44930 | E26: 44930 | F26: 6 | G26: 167 | H26: 72 | I26: 18 | J26: 3 | K26: 153 | L26: 22 | M26: 38 | N26: 9
A27: London | B27: London | C27: United Kingdom | D27: 2-17-2023 | E27: 44974 | F27: 143 | G27: 176 | H27: 44 | I27: 21 | J27: 4 | K27: 160 | L27: 0 | M27: 66 | N27: 1
A28: Mexico City | B28: Mexico City | C28: Mexico | D28: 8-16-2023 | E28: 45154 | F28: 81 | G28: 124 | H28: 10 | I28: 48 | J28: 9 | K28: 23 | L28: -6 | M28: 50 | N28: 19
A29: Seoul | B29: Seoul | C29: South Korea | D29: 11-27-2023 | E29: 45257 | F29: 74 | G29: 150 | H29: 42 | I29: 12 | J29: 1 | K29: 140 | L29: 4 | M29: 80 | N29: 6
A30: Dubai | B30: Dubai | C30: United Arab Emirates | D30: 6-22-2023 | E30: 45099 | F30: 143 | G30: 72 | H30: 52 | I30: 12 | J30: 2 | K30: 84 | L30: 17 | M30: 38 | N30: 6
A31: Bangkok | B31: Bangkok | C31: Thailand | D31: 45173 | E31: 45173 | F31: 107 | G31: 73 | H31: 77 | I31: 3 | J31: 5 | K31: 98 | L31: 10 | M31: 61 | N31: 5
A32: New York | B32: New York | C32: United States Of America | D32: 45233 | E32: 45233 | F32: 71 | G32: 152 | H32: 60 | I32: 38 | J32: 9 | K32: 95 | L32: 34 | M32: 43 | N32: 14
A33: Seoul | B33: Seoul | C33: South Korea | D33: 44930 | E33: 44930 | F33: 69 | G33: 90 | H33: 16 | I33: 9 | J33: 4 | K33: 119 | L33: 39 | M33: 89 | N33: 16
A34: New York | B34: New York | C34: United States Of America | D34: 1-21-2023 | E34: 44947 | F34: 30 | G34: 109 | H34: 98 | I34: 44 | J34: 8 | K34: 127 | L34: 18 | M34: 52 | N34: 13
A35: Seoul | B35: Seoul | C35: South Korea | D35: 45049 | E35: 45049 | F35: 7 | G35: 82 | H35: 77 | I35: 34 | J35: 4 | K35: 165 | L35: 6 | M35: 37 | N35: 16
A36: Madrid | B36: Madrid | C36: Spain | D36: 5-14-2023 | E36: 45060 | F36: 109 | G36: 141 | H36: 62 | I36: 39 | J36: 8 | K36: 92 | L36: -2 | M36: 63 | N36: 13
A37: Rio de Janeiro | B37: Rio De Janeiro | C37: Brazil | D37: 1-18-2023 | E37: 44944 | F37: 136 | G37: 179 | H37: 30 | I37: 3 | J37: 8 | K37: 120 | L37: 32 | M37: 97 | N37: 18
A38: London | B38: London | C38: United Kingdom | D38: 9-27-2023 | E38: 45196 | F38: 88 | G38: 93 | H38: 95 | I38: 44 | J38: 8 | K38: 19 | L38: 32 | M38: 79 | N38: 16
A39: Berlin | B39: Berlin | C39: Germany | D39: 45144 | E39: 45144 | F39: 10 | G39: 153 | H39: 85 | I39: 18 | J39: 6 | K39: 191 | L39: 14 | M39: 68 | N39: 18
A40: MOSCOW | B40: Moscow | C40: Russia | D40: 45149 | E40: 45149 | F40: 50 | G40: 164 | H40: 15 | I40: 11 | J40: 7 | K40: 120 | L40: 1 | M40: 90 | N40: 7
A41: Mexico City | B41: Mexico City | C41: Mexico | D41: 9-20-2023 | E41: 45189 | F41: 44 | G41: 37 | H41: 55 | I41: 10 | J41: 3 | K41: 50 | L41: 9 | M41: 36 | N41: 4
A42: BERLIN | B42: Berlin | C42: Germany | D42: 10-24-2023 | E42: 45223 | F42: 79 | G42: 49 | H42: 97 | I42: 12 | J42: 0 | K42: 88 | L42: -4 | M42: 99 | N42: 8
A43: Bangkok | B43: Bangkok | C43: Thailand | D43: 12-16-2023 | E43: 45276 | F43: 141 | G43: 183 | H43: 30 | I43: 36 | J43: 6 | K43: 162 | L43: 6 | M43: 99 | N43: 14
A44: Seoul | B44: Seoul | C44: South Korea | D44: 6-22-2023 | E44: 45099 | F44: 19 | G44: 135 | H44: 91 | I44: 45 | J44: 7 | K44: 22 | L44: 32 | M44: 51 | N44: 11
A45: Tokyo | B45: Tokyo | C45: Japan | D45: 45082 | E45: 45082 | F45: 106 | G45: 24 | H45: 77 | I45: 5 | J45: 2 | K45: 11 | L45: 29 | M45: 97 | N45: 14
A46: Rio de Janeiro | B46: Rio De Janeiro | C46: Brazil | D46: 45050 | E46: 45050 | F46: 64 | G46: 83 | H46: 22 | I46: 18 | J46: 3 | K46: 188 | L46: 14 | M46: 45 | N46: 9
A47: BANGKOK | B47: Bangkok | C47: Thailand | D47: 45108 | E47: 45108 | F47: 103 | G47: 119 | H47: 43 | I47: 47 | J47: 6 | K47: 56 | L47: 36 | M47: 62 | N47: 14
A48: Moscow | B48: Moscow | C48: Russia | D48: 5-16-2023 | E48: 45062 | F48: 35 | G48: 99 | H48: 97 | I48: 13 | J48: 6 | K48: 42 | L48: 6 | M48: 86 | N48: 17
A49: Berlin | B49: Berlin | C49: Germany | D49: 45028 | E49: 45028 | F49: 34 | G49: 39 | H49: 27 | I49: 47 | J49: 4 | K49: 117 | L49: 26 | M49: 46 | N49: 5
A50: MADRID | B50: Madrid | C50: Spain | D50: 45017 | E50: 45017 | F50: 65 | G50: 166 | H50: 94 | I50: 4 | J50: 1 | K50: 16 | L50: 26 | M50: 73 | N50: 12
A51: SYDNEY | B51: Sydney | C51: Australia | D51: 45141 | E51: 45141 | F51: 130 | G51: 82 | H51: 30 | I51: 10 | J51: 9 | K51: 165 | L51: 29 | M51: 72 | N51: 9
A52: Mumbai | B52: Mumbai | C52: India | D52: 9-19-2023 | E52: 45188 | F52: 89 | G52: 125 | H52: 89 | I52: 8 | J52: 10 | K52: 152 | L52: 1 | M52: 38 | N52: 18
A53: Paris | B53: Paris | C53: France | D53: 11-19-2023 | E53: 45249 | F53: 34 | G53: 78 | H53: 50 | I53: 2 | J53: 6 | K53: 49 | L53: 12 | M53: 58 | N53: 15
A54: Mexico City | B54: Mexico City | C54: Mexico | D54: 5-21-2023 | E54: 45067 | F54: 23 | G54: 136 | H54: 80 | I54: 46 | J54: 9 | K54: 118 | L54: 18 | M54: 94 | N54: 3
A55: Johannesburg | B55: Johannesburg | C55: South Africa | D55: 3-25-2023 | E55: 45010 | F55: 32 | G55: 150 | H55: 44 | I55: 38 | J55: 2 | K55: 197 | L55: -9 | M55: 31 | N55: 1
A56: johannesburg | B56: Johannesburg | C56: South Africa | D56: 10-13-2023 | E56: 45212 | F56: 122 | G56: 182 | H56: 78 | I56: 15 | J56: 2 | K56: 183 | L56: 16 | M56: 84 | N56: 4
A57: MEXICO CITY | B57: Mexico City | C57: Mexico | D57: 45269 | E57: 45269 | F57: 41 | G57: 144 | H57: 48 | I57: 40 | J57: 1 | K57: 186 | L57: 14 | M57: 18 | N57: 3
A58: Dubai | B58: Dubai | C58: United Arab Emirates | D58: 44990 | E58: 44990 | F58: 20 | G58: 80 | H58: 70 | I58: 27 | J58: 3 | K58: 17 | L58: -1 | M58: 69 | N58: 10
A59: Istanbul | B59: Istanbul | C59: Turkey | D59: 2-26-2023 | E59: 44983 | F59: 122 | G59: 98 | H59: 35 | I59: 30 | J59: 4 | K59: 62 | L59: 16 | M59: 47 | N59: 19
A60: Istanbul | B60: Istanbul | C60: Turkey | D60: 45147 | E60: 45147 | F60: 65 | G60: 82 | H60: 38 | I60: 28 | J60: 7 | K60: 88 | L60: 6 | M60: 17 | N60: 19
A61: Toronto | B61: Toronto | C61: Canada | D61: 45113 | E61: 45113 | F61: 68 | G61: 40 | H61: 73 | I61: 1 | J61: 1 | K61: 107 | L61: 0 | M61: 14 | N61: 5
A62: Mumbai | B62: Mumbai | C62: India | D62: 44959 | E62: 44959 | F62: 8 | G62: 134 | H62: 49 | I62: 5 | J62: 1 | K62: 120 | L62: 19 | M62: 70 | N62: 11
A63: Berlin | B63: Berlin | C63: Germany | D63: 2-19-2023 | E63: 44976 | F63: 135 | G63: 124 | H63: 74 | I63: 16 | J63: 7 | K63: 103 | L63: 23 | M63: 75 | N63: 3
A64: LONDON | B64: London | C64: United Kingdom | D64: 45239 | E64: 45239 | F64: 77 | G64: 25 | H64: 16 | I64: 31 | J64: 5 | K64: 96 | L64: 26 | M64: 98 | N64: 14
A65: Berlin | B65: Berlin | C65: Germany | D65: 2-15-2023 | E65: 44972 | F65: 95 | G65: 14 | H65: 38 | I65: 26 | J65: 7 | K65: 130 | L65: 38 | M65: 53 | N65: 5
A66: Dubai | B66: Dubai | C66: United Arab Emirates | D66: 5-27-2023 | E66: 45073 | F66: 34 | G66: 55 | H66: 47 | I66: 23 | J66: 5 | K66: 133 | L66: 16 | M66: 70 | N66: 13
A67: tokyo | B67: Tokyo | C67: Japan | D67: 44928 | E67: 44928 | F67: 14 | G67: 50 | H67: 88 | I67: 5 | J67: 9 | K67: 173 | L67: 4 | M67: 16 | N67: 7
A68: Los Angeles | B68: Los Angeles | C68: United States Of America | D68: 44994 | E68: 44994 | F68: 9 | G68: 156 | H68: 30 | I68: 15 | J68: 4 | K68: 128 | L68: -10 | M68: 44 | N68: 2
A69: Mumbai | B69: Mumbai | C69: India | D69: 45142 | E69: 45142 | F69: 19 | G69: 148 | H69: 40 | I69: 49 | J69: 8 | K69: 40 | L69: 5 | M69: 13 | N69: 15
A70: Paris | B70: Paris | C70: France | D70: 45209 | E70: 45209 | F70: 15 | G70: 198 | H70: 30 | I70: 26 | J70: 8 | K70: 137 | L70: 0 | M70: 91 | N70: 12
A71: Paris | B71: Paris | C71: France | D71: 3-21-2023 | E71: 45006 | F71: 112 | G71: 178 | H71: 73 | I71: 45 | J71: 2 | K71: 139 | L71: 0 | M71: 44 | N71: 7
A72: Mexico City | B72: Mexico City | C72: Mexico | D72: 2-23-2023 | E72: 44980 | F72: 65 | G72: 89 | H72: 95 | I72: 37 | J72: 3 | K72: 46 | L72: 1 | M72: 85 | N72: 15
A73: Berlin | B73: Berlin | C73: Germany | D73: 5-13-2023 | E73: 45059 | F73: 15 | G73: 48 | H73: 59 | I73: 5 | J73: 6 | K73: 35 | L73: 38 | M73: 41 | N73: 7
A74: Rio de Janeiro | B74: Rio De Janeiro | C74: Brazil | D74: 44930 | E74: 44930 | F74: 47 | G74: 42 | H74: 11 | I74: 42 | J74: 5 | K74: 184 | L74: 37 | M74: 32 | N74: 5
A75: BERLIN | B75: Berlin | C75: Germany | D75: 1-25-2023 | E75: 44951 | F75: 13 | G75: 178 | H75: 70 | I75: 5 | J75: 2 | K75: 20 | L75: 29 | M75: 36 | N75: 18
A76: Istanbul | B76: Istanbul | C76: Turkey | D76: 8-19-2023 | E76: 45157 | F76: 20 | G76: 119 | H76: 18 | I76: 31 | J76: 3 | K76: 141 | L76: -3 | M76: 44 | N76: 11
A77: Paris | B77: Paris | C77: France | D77: 7-19-2023 | E77: 45126 | F77: 32 | G77: 157 | H77: 42 | I77: 9 | J77: 5 | K77: 190 | L77: 35 | M77: 70 | N77: 5
A78: Dubai | B78: Dubai | C78: United Arab Emirates | D78: 45271 | E78: 45271 | F78: 102 | G78: 75 | H78: 6 | I78: 46 | J78: 8 | K78: 111 | L78: 8 | M78: 84 | N78: 3
A79: Berlin | B79: Berlin | C79: Germany | D79: 4-17-2023 | E79: 45033 | F79: 33 | G79: 85 | H79: 68 | I79: 49 | J79: 6 | K79: 194 | L79: 9 | M79: 48 | N79: 16
A80: Paris | B80: Paris | C80: France | D80: 45268 | E80: 45268 | F80: 69 | G80: 16 | H80: 11 | I80: 12 | J80: 7 | K80: 98 | L80: -5 | M80: 57 | N80: 1
A81: Seoul | B81: Seoul | C81: South Korea | D81: 45149 | E81: 45149 | F81: 97 | G81: 82 | H81: 15 | I81: 38 | J81: 2 | K81: 179 | L81: 37 | M81: 88 | N81: 3
A82: berlin | B82: Berlin | C82: Germany | D82: 4-13-2023 | E82: 45029 | F82: 145 | G82: 66 | H82: 80 | I82: 5 | J82: 7 | K82: 167 | L82: 26 | M82: 63 | N82: 17
A83: Dubai | B83: Dubai | C83: United Arab Emirates | D83: 10-20-2023 | E83: 45219 | F83: 110 | G83: 41 | H83: 57 | I83: 44 | J83: 1 | K83: 148 | L83: -9 | M83: 46 | N83: 4
A84: Tokyo | B84: Tokyo | C84: Japan | D84: 2-21-2023 | E84: 44978 | F84: 51 | G84: 82 | H84: 19 | I84: 5 | J84: 2 | K84: 124 | L84: 10 | M84: 36 | N84: 1
A85: Mumbai | B85: Mumbai | C85: India | D85: 12-26-2023 | E85: 45286 | F85: 27 | G85: 39 | H85: 30 | I85: 11 | J85: 8 | K85: 123 | L85: -5 | M85: 26 | N85: 15
A86: Toronto | B86: Toronto | C86: Canada | D86: 44967 | E86: 44967 | F86: 14 | G86: 38 | H86: 29 | I86: 1 | J86: 1 | K86: 116 | L86: 2 | M86: 78 | N86: 11
A87: Madrid | B87: Madrid | C87: Spain | D87: 12-13-2023 | E87: 45273 | F87: 85 | G87: 125 | H87: 18 | I87: 5 | J87: 5 | K87: 43 | L87: 18 | M87: 40 | N87: 10
A88: istanbul | B88: Istanbul | C88: Turkey | D88: 44997 | E88: 44997 | F88: 76 | G88: 72 | H88: 61 | I88: 5 | J88: 4 | K88: 183 | L88: -8 | M88: 37 | N88: 17
A89: New York | B89: New York | C89: United States Of America | D89: 3-20-2023 | E89: 45005 | F89: 6 | G89: 15 | H89: 66 | I89: 35 | J89: 10 | K89: 107 | L89: 9 | M89: 21 | N89: 19
A90: Madrid | B90: Madrid | C90: Spain | D90: 2-17-2023 | E90: 44974 | F90: 134 | G90: 20 | H90: 48 | I90: 5 | J90: 6 | K90: 16 | L90: 14 | M90: 66 | N90: 4
A91: Istanbul | B91: Istanbul | C91: Turkey | D91: 45239 | E91: 45239 | F91: 30 | G91: 163 | H91: 37 | I91: 49 | J91: 1 | K91: 128 | L91: 30 | M91: 56 | N91: 17
A92: Berlin | B92: Berlin | C92: Germany | D92: 45178 | E92: 45178 | F92: 123 | G92: 110 | H92: 79 | I92: 45 | J92: 2 | K92: 90 | L92: 31 | M92: 30 | N92: 10
A93: Istanbul | B93: Istanbul | C93: Turkey | D93: 4-16-2023 | E93: 45032 | F93: 94 | G93: 43 | H93: 86 | I93: 7 | J93: 5 | K93: 13 | L93: 16 | M93: 25 | N93: 1
A94: johannesburg | B94: Johannesburg | C94: South Africa | D94: 12-18-2023 | E94: 45278 | F94: 104 | G94: 136 | H94: 50 | I94: 23 | J94: 7 | K94: 99 | L94: 10 | M94: 96 | N94: 3
A95: Cairo | B95: Cairo | C95: Egypt | D95: 4-25-2023 | E95: 45041 | F95: 86 | G95: 82 | H95: 84 | I95: 16 | J95: 7 | K95: 186 | L95: 4 | M95: 16 | N95: 5
A96: rio de janeiro | B96: Rio De Janeiro | C96: Brazil | D96: 45048 | E96: 45048 | F96: 119 | G96: 130 | H96: 21 | I96: 5 | J96: 6 | K96: 60 | L96: 15 | M96: 93 | N96: 18
A97: Berlin | B97: Berlin | C97: Germany | D97: 8-25-2023 | E97: 45163 | F97: 103 | G97: 104 | H97: 60 | I97: 2 | J97: 7 | K97: 195 | L97: 22 | M97: 55 | N97: 8
A98: Rio de Janeiro | B98: Rio De Janeiro | C98: Brazil | D98: 7-18-2023 | E98: 45125 | F98: 59 | G98: 171 | H98: 85 | I98: 21 | J98: 4 | K98: 76 | L98: -7 | M98: 67 | N98: 7
A99: Mumbai | B99: Mumbai | C99: India | D99: 8-15-2023 | E99: 45153 | F99: 135 | G99: 101 | H99: 63 | I99: 44 | J99: 4 | K99: 17 | L99: -2 | M99: 37 | N99: 15
A100: Toronto | B100: Toronto | C100: Canada | D100: 45180 | E100: 45180 | F100: 21 | G100: 185 | H100: 32 | I100: 32 | J100: 4 | K100: 149 | L100: 0 | M100: 12 | N100: 5
...

Sheet Cleaned Global Air Quality
A1: City | B1: Country | C1: Date | D1: PM2.5 | E1: PM10 | F1: NO2 | G1: SO2 | H1: CO | I1: O3 | J1: Temperature | K1: Humidity | L1: Wind Speed | M1: Region | N1: Temperature Category
A2: Johannesburg | B2: =_xlfn.XLOOKUP(A:A,Table1!B:B,Table1!C:C) -> South Africa | C2: =_xlfn.XLOOKUP(A:A,Table1!B:B,Table1!E:E) -> 45203 | D2: =_xlfn.XLOOKUP(A:A,Table1!B:B,Table1!F:F) -> 128 | E2: =_xlfn.XLOOKUP(A:A,Table1!B:B,Table1!G:G) -> 175 | F2: =_xlfn.XLOOKUP(A:A,Table1!B:B,Table1!H:H) -> 30 | G2: =_xlfn.XLOOKUP(A:A,Table1!B:B,Table1!I:I) -> 13 | H2: =_xlfn.XLOOKUP(A:A,Table1!B:B,Table1!J:J) -> 2 | I2: =_xlfn.XLOOKUP(A:A,Table1!B:B,Table1!K:K) -> 196 | J2: =_xlfn.XLOOKUP(A:A,Table1!B:B,Table1!L:L) -> 27 | K2: =_xlfn.XLOOKUP(A:A,Table1!B:B,Table1!M:M) -> 51 | L2: =_xlfn.XLOOKUP(A:A,Table1!B:B,Table1!N:N) -> 10 | M2: {=_xlfn.IFS( OR(B2="India",B2="Thailand",B2="United Arab Emirates",B2="Japan",B2="South Korea",B2="China"),"Asia", OR(B2="Russia",B2="Germany",B2="France",B2="Spain",B2="Turkey",B2="United Kingdom"),"Europe", OR(B2="United States Of America",B2="Canada",B2="Mexico",B2="Brazil"),"America", OR(B2="Egypt",B2="South Africa"),"Africa", B2="Australia","Oceania", TRUE,"Others" )} -> Africa | N2: =IF(J2<=15,"Low",IF(J2<=25,"Moderate","High")) -> High
A3: Istanbul | B3: =_xlfn.XLOOKUP(A:A,Table1!B:B,Table1!C:C) -> Turkey | C3: =_xlfn.XLOOKUP(A:A,Table1!B:B,Table1!E:E) -> 45038 | D3: =_xlfn.XLOOKUP(A:A,Table1!B:B,Table1!F:F) -> 94 | E3: =_xlfn.XLOOKUP(A:A,Table1!B:B,Table1!G:G) -> 34 | F3: =_xlfn.XLOOKUP(A:A,Table1!B:B,Table1!H:H) -> 79 | G3: =_xlfn.XLOOKUP(A:A,Table1!B:B,Table1!I:I) -> 45 | H3: =_xlfn.XLOOKUP(A:A,Table1!B:B,Table1!J:J) -> 5 | I3: =_xlfn.XLOOKUP(A:A,Table1!B:B,Table1!K:K) -> 184 | J3: =_xlfn.XLOOKUP(A:A,Table1!B:B,Table1!L:L) -> 11 | K3: =_xlfn.XLOOKUP(A:A,Table1!B:B,Table1!M:M) -> 30 | L3: =_xlfn.XLOOKUP(A:A,Table1!B:B,Table1!N:N) -> 14 | M3: {=_xlfn.IFS( OR(B3="India",B3="Thailand",B3="United Arab Emirates",B3="Japan",B3="South Korea",B3="China"),"Asia", OR(B3="Russia",B3="Germany",B3="France",B3="Spain",B3="Turkey",B3="United Kingdom"),"Europe", OR(B3="United States Of America",B3="Canada",B3="Mexico",B3="Brazil"),"America", OR(B3="Egypt",B3="South Africa"),"Africa", B3="Australia","Oceania", TRUE,"Others" )} -> Europe | N3: =IF(J3<=15,"Low",IF(J3<=25,"Moderate","High")) -> Low
A4: Berlin | B4: =_xlfn.XLOOKUP(A:A,Table1!B:B,Table1!C:C) -> Germany | C4: =_xlfn.XLOOKUP(A:A,Table1!B:B,Table1!E:E) -> 45226 | D4: =_xlfn.XLOOKUP(A:A,Table1!B:B,Table1!F:F) -> 52 | E4: =_xlfn.XLOOKUP(A:A,Table1!B:B,Table1!G:G) -> 182 | F4: =_xlfn.XLOOKUP(A:A,Table1!B:B,Table1!H:H) -> 45 | G4: =_xlfn.XLOOKUP(A:A,Table1!B:B,Table1!I:I) -> 30 | H4: =_xlfn.XLOOKUP(A:A,Table1!B:B,Table1!J:J) -> 1 | I4: =_xlfn.XLOOKUP(A:A,Table1!B:B,Table1!K:K) -> 156 | J4: =_xlfn.XLOOKUP(A:A,Table1!B:B,Table1!L:L) -> -4 | K4: =_xlfn.XLOOKUP(A:A,Table1!B:B,Table1!M:M) -> 97 | L4: =_xlfn.XLOOKUP(A:A,Table1!B:B,Table1!N:N) -> 2 | M4: {=_xlfn.IFS( OR(B4="India",B4="Thailand",B4="United Arab Emirates",B4="Japan",B4="South Korea",B4="China"),"Asia", OR(B4="Russia",B4="Germany",B4="France",B4="Spain",B4="Turkey",B4="United Kingdom"),"Europe", OR(B4="United States Of America",B4="Canada",B4="Mexico",B4="Brazil"),"America", OR(B4="Egypt",B4="South Africa"),"Africa", B4="Australia","Oceania", TRUE,"Others" )} -> Europe | N4: =IF(J4<=15,"Low",IF(J4<=25,"Moderate","High")) -> Low
A5: Sydney | B5: =_xlfn.XLOOKUP(A:A,Table1!B:B,Table1!C:C) -> Australia | C5: =_xlfn.XLOOKUP(A:A,Table1!B:B,Table1!E:E) -> 45205 | D5: =_xlfn.XLOOKUP(A:A,Table1!B:B,Table1!F:F) -> 110 | E5: =_xlfn.XLOOKUP(A:A,Table1!B:B,Table1!G:G) -> 82 | F5: =_xlfn.XLOOKUP(A:A,Table1!B:B,Table1!H:H) -> 77 | G5: =_xlfn.XLOOKUP(A:A,Table1!B:B,Table1!I:I) -> 10 | H5: =_xlfn.XLOOKUP(A:A,Table1!B:B,Table1!J:J) -> 7 | I5: =_xlfn.XLOOKUP(A:A,Table1!B:B,Table1!K:K) -> 19 | J5: =_xlfn.XLOOKUP(A:A,Table1!B:B,Table1!L:L) -> 17 | K5: =_xlfn.XLOOKUP(A:A,Table1!B:B,Table1!M:M) -> 65 | L5: =_xlfn.XLOOKUP(A:A,Table1!B:B,Table1!N:N) -> 13 | M5: {=_xlfn.IFS( OR(B5="India",B5="Thailand",B5="United Arab Emirates",B5="Japan",B5="South Korea",B5="China"),"Asia", OR(B5="Russia",B5="Germany",B5="France",B5="Spain",B5="Turkey",B5="United Kingdom"),"Europe", OR(B5="United States Of America",B5="Canada",B5="Mexico",B5="Brazil"),"America", OR(B5="Egypt",B5="South Africa"),"Africa", B5="Australia","Oceania", TRUE,"Others" )} -> Oceania | N5: =IF(J5<=15,"Low",IF(J5<=25,"Moderate","High")) -> Moderate
A6: Dubai | B6: =_xlfn.XLOOKUP(A:A,Table1!B:B,Table1!C:C) -> United Arab Emirates | C6: =_xlfn.XLOOKUP(A:A,Table1!B:B,Table1!E:E) -> 45130 | D6: =_xlfn.XLOOKUP(A:A,Table1!B:B,Table1!F:F) -> 120 | E6: =_xlfn.XLOOKUP(A:A,Table1!B:B,Table1!G:G) -> 49 | F6: =_xlfn.XLOOKUP(A:A,Table1!B:B,Table1!H:H) -> 99 | G6: =_xlfn.XLOOKUP(A:A,Table1!B:B,Table1!I:I) -> 6 | H6: =_xlfn.XLOOKUP(A:A,Table1!B:B,Table1!J:J) -> 7 | I6: =_xlfn.XLOOKUP(A:A,Table1!B:B,Table1!K:K) -> 134 | J6: =_xlfn.XLOOKUP(A:A,Table1!B:B,Table1!L:L) -> 13 | K6: =_xlfn.XLOOKUP(A:A,Table1!B:B,Table1!M:M) -> 32 | L6: =_xlfn.XLOOKUP(A:A,Table1!B:B,Table1!N:N) -> 5 | M6: {=_xlfn.IFS( OR(B6="India",B6="Thailand",B6="United Arab Emirates",B6="Japan",B6="South Korea",B6="China"),"Asia", OR(B6="Russia",B6="Germany",B6="France",B6="Spain",B6="Turkey",B6="United Kingdom"),"Europe", OR(B6="United States Of America",B6="Canada",B6="Mexico",B6="Brazil"),"America", OR(B6="Egypt",B6="South Africa"),"Africa", B6="Australia","Oceania", TRUE,"Others" )} -> Asia | N6: =IF(J6<=15,"Low",IF(J6<=25,"Moderate","High")) -> Low
A7: Johannesburg | B7: =_xlfn.XLOOKUP(A:A,Table1!B:B,Table1!C:C) -> South Africa | C7: =_xlfn.XLOOKUP(A:A,Table1!B:B,Table1!E:E) -> 45203 | D7: =_xlfn.XLOOKUP(A:A,Table1!B:B,Table1!F:F) -> 128 | E7: =_xlfn.XLOOKUP(A:A,Table1!B:B,Table1!G:G) -> 175 | F7: =_xlfn.XLOOKUP(A:A,Table1!B:B,Table1!H:H) -> 30 | G7: =_xlfn.XLOOKUP(A:A,Table1!B:B,Table1!I:I) -> 13 | H7: =_xlfn.XLOOKUP(A:A,Table1!B:B,Table1!J:J) -> 2 | I7: =_xlfn.XLOOKUP(A:A,Table1!B:B,Table1!K:K) -> 196 | J7: =_xlfn.XLOOKUP(A:A,Table1!B:B,Table1!L:L) -> 27 | K7: =_xlfn.XLOOKUP(A:A,Table1!B:B,Table1!M:M) -> 51 | L7: =_xlfn.XLOOKUP(A:A,Table1!B:B,Table1!N:N) -> 10 | M7: {=_xlfn.IFS( OR(B7="India",B7="Thailand",B7="United Arab Emirates",B7="Japan",B7="South Korea",B7="China"),"Asia", OR(B7="Russia",B7="Germany",B7="France",B7="Spain",B7="Turkey",B7="United Kingdom"),"Europe", OR(B7="United States Of America",B7="Canada",B7="Mexico",B7="Brazil"),"America", OR(B7="Egypt",B7="South Africa"),"Africa", B7="Australia","Oceania", TRUE,"Others" )} -> Africa | N7: =IF(J7<=15,"Low",IF(J7<=25,"Moderate","High")) -> High
A8: Los Angeles | B8: =_xlfn.XLOOKUP(A:A,Table1!B:B,Table1!C:C) -> United States Of America | C8: =_xlfn.XLOOKUP(A:A,Table1!B:B,Table1!E:E) -> 45040 | D8: =_xlfn.XLOOKUP(A:A,Table1!B:B,Table1!F:F) -> 15 | E8: =_xlfn.XLOOKUP(A:A,Table1!B:B,Table1!G:G) -> 82 | F8: =_xlfn.XLOOKUP(A:A,Table1!B:B,Table1!H:H) -> 98 | G8: =_xlfn.XLOOKUP(A:A,Table1!B:B,Table1!I:I) -> 11 | H8: =_xlfn.XLOOKUP(A:A,Table1!B:B,Table1!J:J) -> 6 | I8: =_xlfn.XLOOKUP(A:A,Table1!B:B,Table1!K:K) -> 195 | J8: =_xlfn.XLOOKUP(A:A,Table1!B:B,Table1!L:L) -> 28 | K8: =_xlfn.XLOOKUP(A:A,Table1!B:B,Table1!M:M) -> 11 | L8: =_xlfn.XLOOKUP(A:A,Table1!B:B,Table1!N:N) -> 8 | M8: {=_xlfn.IFS( OR(B8="India",B8="Thailand",B8="United Arab Emirates",B8="Japan",B8="South Korea",B8="China"),"Asia", OR(B8="Russia",B8="Germany",B8="France",B8="Spain",B8="Turkey",B8="United Kingdom"),"Europe", OR(B8="United States Of America",B8="Canada",B8="Mexico",B8="Brazil"),"America", OR(B8="Egypt",B8="South Africa"),"Africa", B8="Australia","Oceania", TRUE,"Others" )} -> America | N8: =IF(J8<=15,"Low",IF(J8<=25,"Moderate","High")) -> High
A9: Mumbai | B9: =_xlfn.XLOOKUP(A:A,Table1!B:B,Table1!C:C) -> India | C9: =_xlfn.XLOOKUP(A:A,Table1!B:B,Table1!E:E) -> 45262 | D9: =_xlfn.XLOOKUP(A:A,Table1!B:B,Table1!F:F) -> 25 | E9: =_xlfn.XLOOKUP(A:A,Table1!B:B,Table1!G:G) -> 118 | F9: =_xlfn.XLOOKUP(A:A,Table1!B:B,Table1!H:H) -> 74 | G9: =_xlfn.XLOOKUP(A:A,Table1!B:B,Table1!I:I) -> 11 | H9: =_xlfn.XLOOKUP(A:A,Table1!B:B,Table1!J:J) -> 1 | I9: =_xlfn.XLOOKUP(A:A,Table1!B:B,Table1!K:K) -> 188 | J9: =_xlfn.XLOOKUP(A:A,Table1!B:B,Table1!L:L) -> 20 | K9: =_xlfn.XLOOKUP(A:A,Table1!B:B,Table1!M:M) -> 67 | L9: =_xlfn.XLOOKUP(A:A,Table1!B:B,Table1!N:N) -> 9 | M9: {=_xlfn.IFS( OR(B9="India",B9="Thailand",B9="United Arab Emirates",B9="Japan",B9="South Korea",B9="China"),"Asia", OR(B9="Russia",B9="Germany",B9="France",B9="Spain",B9="Turkey",B9="United Kingdom"),"Europe", OR(B9="United States Of America",B9="Canada",B9="Mexico",B9="Brazil"),"America", OR(B9="Egypt",B9="South Africa"),"Africa", B9="Australia","Oceania", TRUE,"Others" )} -> Asia | N9: =IF(J9<=15,"Low",IF(J9<=25,"Moderate","High")) -> Moderate
A10: Beijing | B10: =_xlfn.XLOOKUP(A:A,Table1!B:B,Table1!C:C) -> China | C10: =_xlfn.XLOOKUP(A:A,Table1!B:B,Table1!E:E) -> 45110 | D10: =_xlfn.XLOOKUP(A:A,Table1!B:B,Table1!F:F) -> 100 | E10: =_xlfn.XLOOKUP(A:A,Table1!B:B,Table1!G:G) -> 10 | F10: =_xlfn.XLOOKUP(A:A,Table1!B:B,Table1!H:H) -> 75 | G10: =_xlfn.XLOOKUP(A:A,Table1!B:B,Table1!I:I) -> 40 | H10: =_xlfn.XLOOKUP(A:A,Table1!B:B,Table1!J:J) -> 7 | I10: =_xlfn.XLOOKUP(A:A,Table1!B:B,Table1!K:K) -> 177 | J10: =_xlfn.XLOOKUP(A:A,Table1!B:B,Table1!L:L) -> 33 | K10: =_xlfn.XLOOKUP(A:A,Table1!B:B,Table1!M:M) -> 18 | L10: =_xlfn.XLOOKUP(A:A,Table1!B:B,Table1!N:N) -> 10 | M10: {=_xlfn.IFS( OR(B10="India",B10="Thailand",B10="United Arab Emirates",B10="Japan",B10="South Korea",B10="China"),"Asia", OR(B10="Russia",B10="Germany",B10="France",B10="Spain",B10="Turkey",B10="United Kingdom"),"Europe", OR(B10="United States Of America",B10="Canada",B10="Mexico",B10="Brazil"),"America", OR(B10="Egypt",B10="South Africa"),"Africa", B10="Australia","Oceania", TRUE,"Others" )} -> Asia | N10: =IF(J10<=15,"Low",IF(J10<=25,"Moderate","High")) -> High
A11: Johannesburg | B11: =_xlfn.XLOOKUP(A:A,Table1!B:B,Table1!C:C) -> South Africa | C11: =_xlfn.XLOOKUP(A:A,Table1!B:B,Table1!E:E) -> 45203 | D11: =_xlfn.XLOOKUP(A:A,Table1!B:B,Table1!F:F) -> 128 | E11: =_xlfn.XLOOKUP(A:A,Table1!B:B,Table1!G:G) -> 175 | F11: =_xlfn.XLOOKUP(A:A,Table1!B:B,Table1!H:H) -> 30 | G11: =_xlfn.XLOOKUP(A:A,Table1!B:B,Table1!I:I) -> 13 | H11: =_xlfn.XLOOKUP(A:A,Table1!B:B,Table1!J:J) -> 2 | I11: =_xlfn.XLOOKUP(A:A,Table1!B:B,Table1!K:K) -> 196 | J11: =_xlfn.XLOOKUP(A:A,Table1!B:B,Table1!L:L) -> 27 | K11: =_xlfn.XLOOKUP(A:A,Table1!B:B,Table1!M:M) -> 51 | L11: =_xlfn.XLOOKUP(A:A,Table1!B:B,Table1!N:N) -> 10 | M11: {=_xlfn.IFS( OR(B11="India",B11="Thailand",B11="United Arab Emirates",B11="Japan",B11="South Korea",B11="China"),"Asia", OR(B11="Russia",B11="Germany",B11="France",B11="Spain",B11="Turkey",B11="United Kingdom"),"Europe", OR(B11="United States Of America",B11="Canada",B11="Mexico",B11="Brazil"),"America", OR(B11="Egypt",B11="South Africa"),"Africa", B11="Australia","Oceania", TRUE,"Others" )} -> Africa | N11: =IF(J11<=15,"Low",IF(J11<=25,"Moderate","High")) -> High
A12: Los Angeles | B12: =_xlfn.XLOOKUP(A:A,Table1!B:B,Table1!C:C) -> United States Of America | C12: =_xlfn.XLOOKUP(A:A,Table1!B:B,Table1!E:E) -> 45040 | D12: =_xlfn.XLOOKUP(A:A,Table1!B:B,Table1!F:F) -> 15 | E12: =_xlfn.XLOOKUP(A:A,Table1!B:B,Table1!G:G) -> 82 | F12: =_xlfn.XLOOKUP(A:A,Table1!B:B,Table1!H:H) -> 98 | G12: =_xlfn.XLOOKUP(A:A,Table1!B:B,Table1!I:I) -> 11 | H12: =_xlfn.XLOOKUP(A:A,Table1!B:B,Table1!J:J) -> 6 | I12: =_xlfn.XLOOKUP(A:A,Table1!B:B,Table1!K:K) -> 195 | J12: =_xlfn.XLOOKUP(A:A,Table1!B:B,Table1!L:L) -> 28 | K12: =_xlfn.XLOOKUP(A:A,Table1!B:B,Table1!M:M) -> 11 | L12: =_xlfn.XLOOKUP(A:A,Table1!B:B,Table1!N:N) -> 8 | M12: {=_xlfn.IFS( OR(B12="India",B12="Thailand",B12="United Arab Emirates",B12="Japan",B12="South Korea",B12="China"),"Asia", OR(B12="Russia",B12="Germany",B12="France",B12="Spain",B12="Turkey",B12="United Kingdom"),"Europe", OR(B12="United States Of America",B12="Canada",B12="Mexico",B12="Brazil"),"America", OR(B12="Egypt",B12="South Africa"),"Africa", B12="Australia","Oceania", TRUE,"Others" )} -> America | N12: =IF(J12<=15,"Low",IF(J12<=25,"Moderate","High")) -> High
A13: Johannesburg | B13: =_xlfn.XLOOKUP(A:A,Table1!B:B,Table1!C:C) -> South Africa | C13: =_xlfn.XLOOKUP(A:A,Table1!B:B,Table1!E:E) -> 45203 | D13: =_xlfn.XLOOKUP(A:A,Table1!B:B,Table1!F:F) -> 128 | E13: =_xlfn.XLOOKUP(A:A,Table1!B:B,Table1!G:G) -> 175 | F13: =_xlfn.XLOOKUP(A:A,Table1!B:B,Table1!H:H) -> 30 | G13: =_xlfn.XLOOKUP(A:A,Table1!B:B,Table1!I:I) -> 13 | H13: =_xlfn.XLOOKUP(A:A,Table1!B:B,Table1!J:J) -> 2 | I13: =_xlfn.XLOOKUP(A:A,Table1!B:B,Table1!K:K) -> 196 | J13: =_xlfn.XLOOKUP(A:A,Table1!B:B,Table1!L:L) -> 27 | K13: =_xlfn.XLOOKUP(A:A,Table1!B:B,Table1!M:M) -> 51 | L13: =_xlfn.XLOOKUP(A:A,Table1!B:B,Table1!N:N) -> 10 | M13: {=_xlfn.IFS( OR(B13="India",B13="Thailand",B13="United Arab Emirates",B13="Japan",B13="South Korea",B13="China"),"Asia", OR(B13="Russia",B13="Germany",B13="France",B13="Spain",B13="Turkey",B13="United Kingdom"),"Europe", OR(B13="United States Of America",B13="Canada",B13="Mexico",B13="Brazil"),"America", OR(B13="Egypt",B13="South Africa"),"Africa", B13="Australia","Oceania", TRUE,"Others" )} -> Africa | N13: =IF(J13<=15,"Low",IF(J13<=25,"Moderate","High")) -> High
... A6119: Mexico City | B6119: =_xlfn.XLOOKUP(A:A,Table1!B:B,Table1!C:C) -> Mexico | C6119: =_xlfn.XLOOKUP(A:A,Table1!B:B,Table1!E:E) -> 45063 | D6119: =_xlfn.XLOOKUP(A:A,Table1!B:B,Table1!F:F) -> 10 | E6119: =_xlfn.XLOOKUP(A:A,Table1!B:B,Table1!G:G) -> 39 | F6119: =_xlfn.XLOOKUP(A:A,Table1!B:B,Table1!H:H) -> 36 | G6119: =_xlfn.XLOOKUP(A:A,Table1!B:B,Table1!I:I) -> 3 | H6119: =_xlfn.XLOOKUP(A:A,Table1!B:B,Table1!J:J) -> 1 | I6119: =_xlfn.XLOOKUP(A:A,Table1!B:B,Table1!K:K) -> 79 | J6119: =_xlfn.XLOOKUP(A:A,Table1!B:B,Table1!L:L) -> -8 | K6119: =_xlfn.XLOOKUP(A:A,Table1!B:B,Table1!M:M) -> 45 | L6119: =_xlfn.XLOOKUP(A:A,Table1!B:B,Table1!N:N) -> 19 | M6119: {=_xlfn.IFS( OR(B6119="India",B6119="Thailand",B6119="United Arab Emirates",B6119="Japan",B6119="South Korea",B6119="China"),"Asia", OR(B6119="Russia",B6119="Germany",B6119="France",B6119="Spain",B6119="Turkey",B6119="United Kingdom"),"Europe", OR(B6119="United States Of America",B6119="Canada",B6119="Mexico",B6119="Brazil"),"America", OR(B6119="Egypt",B6119="South Africa"),"Africa", B6119="Australia","Oceania", TRUE,"Others" )} -> America | N6119: =IF(J6119<=15,"Low",IF(J6119<=25,"Moderate","High")) -> Low

Sheet Asia
A1: City | B1: Country | C1: Date | D1: PM2.5 | E1: PM10 | F1: NO2 | G1: SO2 | H1: CO | I1: O3 | J1: Temperature | K1: Humidity | L1: Wind Speed | M1: Region | N1: Temperature Category
A2: Dubai | B2: United Arab Emirates | C2: 45130 | D2: 120 | E2: 49 | F2: 99 | G2: 6 | H2: 7 | I2: 134 | J2: 13 | K2: 32 | L2: 5 | M2: Asia | N2: Low
A3: Mumbai | B3: India | C3: 45262 | D3: 25 | E3: 118 | F3: 74 | G3: 11 | H3: 1 | I3: 188 | J3: 20 | K3: 67 | L3: 9 | M3: Asia | N3: Moderate
A4: Beijing | B4: China | C4: 45110 | D4: 100 | E4: 10 | F4: 75 | G4: 40 | H4: 7 | I4: 177 | J4: 33 | K4: 18 | L4: 10 | M4: Asia | N4: High
A5: Seoul | B5: South Korea | C5: 45052 | D5: 80 | E5: 195 | F5: 91 | G5: 5 | H5: 1 | I5: 157 | J5: -6 | K5: 58 | L5: 1 | M5: Asia | N5: Low
A6: Beijing | B6: China | C6: 45110 | D6: 100 | E6: 10 | F6: 75 | G6: 40 | H6: 7 | I6: 177 | J6: 33 | K6: 18 | L6: 10 | M6: Asia | N6: High
A7: Tokyo | B7: Japan | C7: 45258 | D7: 128 | E7: 84 | F7: 61 | G7: 33 | H7: 6 | I7: 25 | J7: -8 | K7: 14 | L7: 9 | M7: Asia | N7: Low
A8: Mumbai | B8: India | C8: 45262 | D8: 25 | E8: 118 | F8: 74 | G8: 11 | H8: 1 | I8: 188 | J8: 20 | K8: 67 | L8: 9 | M8: Asia | N8: Moderate
A9: Dubai | B9: United Arab Emirates | C9: 45130 | D9: 120 | E9: 49 | F9: 99 | G9: 6 | H9: 7 | I9: 134 | J9: 13 | K9: 32 | L9: 5 | M9: Asia | N9: Low
A10: Seoul | B10: South Korea | C10: 45257 | D10: 74 | E10: 150 | F10: 42 | G10: 12 | H10: 1 | I10: 140 | J10: 4 | K10: 80 | L10: 6 | M10: Asia | N10: Low
A11: Dubai | B11: United Arab Emirates | C11: 45130 | D11: 120 | E11: 49 | F11: 99 | G11: 6 | H11: 7 | I11: 134 | J11: 13 | K11: 32 | L11: 5 | M11: Asia | N11: Low
A12: Bangkok | B12: Thailand | C12: 45173 | D12: 107 | E12: 73 | F12: 77 | G12: 3 | H12: 5 | I12: 98 | J12: 10 | K12: 61 | L12: 5 | M12: Asia | N12: Low
A13: Seoul | B13: South Korea | C13: 45257 | D13: 74 | E13: 150 | F13: 42 | G13: 12 | H13: 1 | I13: 140 | J13: 4 | K13: 80 | L13: 6 | M13: Asia | N13: Low
... A1831: Beijing | B1831: China | C1831: 44950 | D1831: 37 | E1831: 160 | F1831: 75 | G1831: 14 | H1831: 1 | I1831: 194 | J1831: 27 | K1831: 41 | L1831: 20 | M1831: Asia | N1831: High

Sheet Europe
A1: City | B1: Country | C1: Date | D1: PM2.5 | E1: PM10 | F1: NO2 | G1: SO2 | H1: CO | I1: O3 | J1: Temperature | K1: Humidity | L1: Wind Speed | M1: Region | N1: Temperature Category
A2: Istanbul | B2: Turkey | C2: 45038 | D2: 94 | E2: 34 | F2: 79 | G2: 45 | H2: 5 | I2: 184 | J2: 11 | K2: 30 | L2: 14 | M2: Europe | N2: Low
A3: Berlin | B3: Germany | C3: 45226 | D3: 52 | E3: 182 | F3: 45 | G3: 30 | H3: 1 | I3: 156 | J3: -4 | K3: 97 | L3: 2 | M3: Europe | N3: Low
A4: Paris | B4: France | C4: 45154 | D4: 19 | E4: 82 | F4: 47 | G4: 5 | H4: 2 | I4: 129 | J4: 23 | K4: 93 | L4: 18 | M4: Europe | N4: Moderate
A5: London | B5: United Kingdom | C5: 45008 | D5: 21 | E5: 190 | F5: 27 | G5: 40 | H5: 3 | I5: 14 | J5: -9 | K5: 45 | L5: 2 | M5: Europe | N5: Low
A6: London | B6: United Kingdom | C6: 45008 | D6: 21 | E6: 190 | F6: 27 | G6: 40 | H6: 3 | I6: 14 | J6: -9 | K6: 45 | L6: 2 | M6: Europe | N6: Low
A7: Madrid | B7: Spain | C7: 44930 | D7: 6 | E7: 167 | F7: 72 | G7: 18 | H7: 3 | I7: 153 | J7: 22 | K7: 38 | L7: 9 | M7: Europe | N7: Moderate
A8: London | B8: United Kingdom | C8: 45008 | D8: 21 | E8: 190 | F8: 27 | G8: 40 | H8: 3 | I8: 14 | J8: -9 | K8: 45 | L8: 2 | M8: Europe | N8: Low
A9: Madrid | B9: Spain | C9: 44930 | D9: 6 | E9: 167 | F9: 72 | G9: 18 | H9: 3 | I9: 153 | J9: 22 | K9: 38 | L9: 9 | M9: Europe | N9: Moderate
A10: London | B10: United Kingdom | C10: 45008 | D10: 21 | E10: 190 | F10: 27 | G10: 40 | H10: 3 | I10: 14 | J10: -9 | K10: 45 | L10: 2 | M10: Europe | N10: Low
A11: Berlin | B11: Germany | C11: 45226 | D11: 52 | E11: 182 | F11: 45 | G11: 30 | H11: 1 | I11: 156 | J11: -4 | K11: 97 | L11: 2 | M11: Europe | N11: Low
A12: Moscow | B12: Russia | C12: 45149 | D12: 50 | E12: 164 | F12: 15 | G12: 11 | H12: 7 | I12: 120 | J12: 1 | K12: 90 | L12: 7 | M12: Europe | N12: Low
A13: Berlin | B13: Germany | C13: 45226 | D13: 52 | E13: 182 | F13: 45 | G13: 30 | H13: 1 | I13: 156 | J13: -4 | K13: 97 | L13: 2 | M13: Europe | N13: Low
... A1864: Moscow | B1864: Russia | C1864: 45286 | D1864: 133 | E1864: 91 | F1864: 96 | G1864: 39 | H1864: 3 | I1864: 150 | J1864: -7 | K1864: 61 | L1864: 17 | M1864: Europe | N1864: Low

Sheet Africa
A1: City | B1: Country | C1: Date | D1: PM2.5 | E1: PM10 | F1: NO2 | G1: SO2 | H1: CO | I1: O3 | J1: Temperature | K1: Humidity | L1: Wind Speed | M1: Region | N1: Temperature Category
A2: Johannesburg | B2: South Africa | C2: 45203 | D2: 128 | E2: 175 | F2: 30 | G2: 13 | H2: 2 | I2: 196 | J2: 27 | K2: 51 | L2: 10 | M2: Africa | N2: High
A3: Johannesburg | B3: South Africa | C3: 45203 | D3: 128 | E3: 175 | F3: 30 | G3: 13 | H3: 2 | I3: 196 | J3: 27 | K3: 51 | L3: 10 | M3: Africa | N3: High
A4: Johannesburg | B4: South Africa | C4: 45203 | D4: 128 | E4: 175 | F4: 30 | G4: 13 | H4: 2 | I4: 196 | J4: 27 | K4: 51 | L4: 10 | M4: Africa | N4: High
A5: Johannesburg | B5: South Africa | C5: 45203 | D5: 128 | E5: 175 | F5: 30 | G5: 13 | H5: 2 | I5: 196 | J5: 27 | K5: 51 | L5: 10 | M5: Africa | N5: High
A6: Johannesburg | B6: South Africa | C6: 45203 | D6: 128 | E6: 175 | F6: 30 | G6: 13 | H6: 2 | I6: 196 | J6: 27 | K6: 51 | L6: 10 | M6: Africa | N6: High
A7: Johannesburg | B7: South Africa | C7: 45203 | D7: 128 | E7: 175 | F7: 30 | G7: 13 | H7: 2 | I7: 196 | J7: 27 | K7: 51 | L7: 10 | M7: Africa | N7: High
A8: Johannesburg | B8: South Africa | C8: 45203 | D8: 128 | E8: 175 | F8: 30 | G8: 13 | H8: 2 | I8: 196 | J8: 27 | K8: 51 | L8: 10 | M8: Africa | N8: High
A9: Cairo | B9: Egypt | C9: 45041 | D9: 86 | E9: 82 | F9: 84 | G9: 16 | H9: 7 | I9: 186 | J9: 4 | K9: 16 | L9: 5 | M9: Africa | N9: Low
A10: Johannesburg | B10: South Africa | C10: 45203 | D10: 128 | E10: 175 | F10: 30 | G10: 13 | H10: 2 | I10: 196 | J10: 27 | K10: 51 | L10: 10 | M10: Africa | N10: High
A11: Johannesburg | B11: South Africa | C11: 45203 | D11: 128 | E11: 175 | F11: 30 | G11: 13 | H11: 2 | I11: 196 | J11: 27 | K11: 51 | L11: 10 | M11: Africa | N11: High
A12: Cairo | B12: Egypt | C12: 45041 | D12: 86 | E12: 82 | F12: 84 | G12: 16 | H12: 7 | I12: 186 | J12: 4 | K12: 16 | L12: 5 | M12: Africa | N12: Low
A13: Cairo | B13: Egypt | C13: 45041 | D13: 86 | E13: 82 | F13: 84 | G13: 16 | H13: 7 | I13: 186 | J13: 4 | K13: 16 | L13: 5 | M13: Africa | N13: Low
... A629: Johannesburg | B629: South Africa | C629: 45123 | D629: 121 | E629: 200 | F629: 39 | G629: 6 | H629: 7 | I629: 181 | J629: -8 | K629: 17 | L629: 20 | M629: Africa | N629: Low

Sheet America
A1: City | B1: Country | C1: Date | D1: PM2.5 | E1: PM10 | F1: NO2 | G1: SO2 | H1: CO | I1: O3 | J1: Temperature | K1: Humidity | L1: Wind Speed | M1: Region | N1: Temperature Category
A2: Los Angeles | B2: United States Of America | C2: 45040 | D2: 15 | E2: 82 | F2: 98 | G2: 11 | H2: 6 | I2: 195 | J2: 28 | K2: 11 | L2: 8 | M2: America | N2: High
A3: Los Angeles | B3: United States Of America | C3: 45040 | D3: 15 | E3: 82 | F3: 98 | G3: 11 | H3: 6 | I3: 195 | J3: 28 | K3: 11 | L3: 8 | M3: America | N3: High
A4: New York | B4: United States Of America | C4: 44954 | D4: 37 | E4: 138 | F4: 71 | G4: 1 | H4: 3 | I4: 55 | J4: 31 | K4: 76 | L4: 1 | M4: America | N4: High
A5: Toronto | B5: Canada | C5: 44932 | D5: 112 | E5: 118 | F5: 60 | G5: 10 | H5: 2 | I5: 157 | J5: 35 | K5: 16 | L5: 20 | M5: America | N5: High
A6: New York | B6: United States Of America | C6: 44954 | D6: 37 | E6: 138 | F6: 71 | G6: 1 | H6: 3 | I6: 55 | J6: 31 | K6: 76 | L6: 1 | M6: America | N6: High
A7: Mexico City | B7: Mexico | C7: 45194 | D7: 62 | E7: 58 | F7: 56 | G7: 5 | H7: 5 | I7: 23 | J7: 23 | K7: 97 | L7: 6 | M7: America | N7: Moderate
A8: Mexico City | B8: Mexico | C8: 45194 | D8: 62 | E8: 58 | F8: 56 | G8: 5 | H8: 5 | I8: 23 | J8: 23 | K8: 97 | L8: 6 | M8: America | N8: Moderate
A9: New York | B9: United States Of America | C9: 45233 | D9: 71 | E9: 152 | F9: 60 | G9: 38 | H9: 9 | I9: 95 | J9: 34 | K9: 43 | L9: 14 | M9: America | N9: High
A10: New York | B10: United States Of America | C10: 44954 | D10: 37 | E10: 138 | F10: 71 | G10: 1 | H10: 3 | I10: 55 | J10: 31 | K10: 76 | L10: 1 | M10: America | N10: High
A11: Rio De Janeiro | B11: Brazil | C11: 44944 | D11: 136 | E11: 179 | F11: 30 | G11: 3 | H11: 8 | I11: 120 | J11: 32 | K11: 97 | L11: 18 | M11: America | N11: High
A12: Mexico City | B12: Mexico | C12: 45194 | D12: 62 | E12: 58 | F12: 56 | G12: 5 | H12: 5 | I12: 23 | J12: 23 | K12: 97 | L12: 6 | M12: America | N12: Moderate
A13: Rio De Janeiro | B13: Brazil | C13: 44944 | D13: 136 | E13: 179 | F13: 30 | G13: 3 | H13: 8 | I13: 120 | J13: 32 | K13: 97 | L13: 18 | M13: America | N13: High
... A1505: Mexico City | B1505: Mexico | C1505: 45063 | D1505: 10 | E1505: 39 | F1505: 36 | G1505: 3 | H1505: 1 | I1505: 79 | J1505: -8 | K1505: 45 | L1505: 19 | M1505: America | N1505: Low

Sheet Oceania
A1: City | B1: Country | C1: Date | D1: PM2.5 | E1: PM10 | F1: NO2 | G1: SO2 | H1: CO | I1: O3 | J1: Temperature | K1: Humidity | L1: Wind Speed | M1: Region | N1: Temperature Category
A2: Sydney | B2: Australia | C2: 45205 | D2: 110 | E2: 82 | F2: 77 | G2: 10 | H2: 7 | I2: 19 | J2: 17 | K2: 65 | L2: 13 | M2: Oceania | N2: Moderate
A3: Sydney | B3: Australia | C3: 45205 | D3: 110 | E3: 82 | F3: 77 | G3: 10 | H3: 7 | I3: 19 | J3: 17 | K3: 65 | L3: 13 | M3: Oceania | N3: Moderate
A4: Sydney | B4: Australia | C4: 45205 | D4: 110 | E4: 82 | F4: 77 | G4: 10 | H4: 7 | I4: 19 | J4: 17 | K4: 65 | L4: 13 | M4: Oceania | N4: Moderate
A5: Sydney | B5: Australia | C5: 45205 | D5: 110 | E5: 82 | F5: 77 | G5: 10 | H5: 7 | I5: 19 | J5: 17 | K5: 65 | L5: 13 | M5: Oceania | N5: Moderate
A6: Sydney | B6: Australia | C6: 45205 | D6: 110 | E6: 82 | F6: 77 | G6: 10 | H6: 7 | I6: 19 | J6: 17 | K6: 65 | L6: 13 | M6: Oceania | N6: Moderate
A7: Sydney | B7: Australia | C7: 45205 | D7: 110 | E7: 82 | F7: 77 | G7: 10 | H7: 7 | I7: 19 | J7: 17 | K7: 65 | L7: 13 | M7: Oceania | N7: Moderate
A8: Sydney | B8: Australia | C8: 45205 | D8: 110 | E8: 82 | F8: 77 | G8: 10 | H8: 7 | I8: 19 | J8: 17 | K8: 65 | L8: 13 | M8: Oceania | N8: Moderate
A9: Sydney | B9: Australia | C9: 45205 | D9: 110 | E9: 82 | F9: 77 | G9: 10 | H9: 7 | I9: 19 | J9: 17 | K9: 65 | L9: 13 | M9: Oceania | N9: Moderate
A10: Sydney | B10: Australia | C10: 44942 | D10: 132 | E10: 99 | F10: 29 | G10: 9 | H10: 3 | I10: 164 | J10: 29 | K10: 69 | L10: 9 | M10: Oceania | N10: High
A11: Sydney | B11: Australia | C11: 45205 | D11: 110 | E11: 82 | F11: 77 | G11: 10 | H11: 7 | I11: 19 | J11: 17 | K11: 65 | L11: 13 | M11: Oceania | N11: Moderate
A12: Sydney | B12: Australia | C12: 45205 | D12: 110 | E12: 82 | F12: 77 | G12: 10 | H12: 7 | I12: 19 | J12: 17 | K12: 65 | L12: 13 | M12: Oceania | N12: Moderate
A13: Sydney | B13: Australia | C13: 45205 | D13: 110 | E13: 82 | F13: 77 | G13: 10 | H13: 7 | I13: 19 | J13: 17 | K13: 65 | L13: 13 | M13: Oceania | N13: Moderate
... A294: Sydney | B294: Australia | C294: 44942 | D294: 132 | E294: 99 | F294: 29 | G294: 9 | H294: 3 | I294: 164 | J294: 29 | K294: 69 | L294: 9 | M294: Oceania | N294: High
